0,1
-49.939976,56.71817
-82.031624,5.4608884
-39.112263,-30.274237
-52.906864,-9.753381
-22.188467,3.6499898
-73.350296,0.40510735
-10.004124,-9.705629
-48.176785,4.6584964
-16.727972,-58.150127
-70.82828,-2.1992393
-4.7842693,23.6308
-73.90996,13.48062
-59.200153,9.851356
-34.06557,-61.19455
-36.755955,34.48101
-42.363365,54.24153
-18.19132,-42.03204
-54.742626,10.124623
-35.3194,-15.794056
-44.84237,-24.878584
-21.39576,-47.16896
-26.964483,-2.8119252
-82.05087,2.294503
-74.38577,-6.715475
-38.18457,9.366344
-81.474075,-8.068256
-20.956692,2.282444
-41.71557,61.13912
-59.169476,-3.505376
-14.483839,33.84776
-17.986055,35.383614
-14.730502,-10.684287
-29.536837,14.385578
-67.38642,-9.013037
-9.392942,-55.22297
-68.54793,0.032751374
20.895033,15.551935
-65.862274,-14.612235
-36.444942,-47.328495
-74.20775,9.207015
-71.15639,-6.331035
-26.047915,50.683437
-65.40412,-1.9571555
-56.703316,14.12465
-34.07584,-48.039993
-33.85508,6.4586177
-14.022105,-62.572525
-37.697655,53.48486
-27.332169,-7.060922
-19.731438,12.071626
-32.72185,-62.022717
-37.120823,66.19151
-63.950336,4.613961
-28.577652,51.314194
-10.715594,-22.637955
-38.088196,-12.086273
-49.10885,16.669163
-72.67307,-10.338497
-60.92083,-2.3469863
-52.041798,-20.702057
-26.54637,-15.8453455
-11.806572,-24.11041
-18.66282,35.51406
-84.5222,4.37457
-11.512628,-22.54307
-48.211727,-23.452263
-16.274044,33.420986
-29.984632,-41.456604
-31.370857,-49.583805
-26.27118,-49.277866
-39.6426,43.588085
-63.210014,-4.8825645
-3.452332,24.206675
-11.588953,-54.645016
-80.48033,0.06359156
-77.33268,-1.0829638
-31.656109,-48.70764
-33.950806,62.076336
-37.405426,-31.450136
-27.030624,-51.491028
-18.0442,8.549691
-16.038265,-58.833946
-6.4231586,-12.982643
-74.04806,-5.5919538
-87.09794,-4.4656553
-1.7355685,17.111221
-30.911581,-34.932537
-49.35424,-18.29919
-15.827573,-55.233093
-29.572174,31.730547
-33.70363,-8.442706
-28.232307,12.557679
-47.030163,53.60737
-29.407593,-65.57796
-77.27911,-11.397718
-24.861834,52.74492
-53.914513,17.407036
-24.058182,-4.288512
-51.810566,-26.045206
-49.231487,-2.1812873
-42.80316,-18.102823
-37.976116,56.025932
-25.497261,12.699926
-18.559053,2.5583498
-45.294487,-6.7814713
-5.7266903,-18.873404
-39.28277,-16.645428
-54.51486,-17.411428
-34.748196,-28.426098
-30.181879,-37.377937
-9.051804,-9.46643
-38.6943,61.623753
-58.582836,-7.7066946
-40.61047,-42.936584
-32.010857,-43.926125
-32.61944,-35.916737
-19.124159,-60.664433
-56.593914,-18.671894
-26.747456,9.381291
-8.804277,-17.77219
-50.17646,18.906513
-33.815075,-23.044014
-14.956251,-52.675762
-18.987028,-10.299758
-23.532263,15.739362
-60.13072,10.870901
-37.425274,-25.643559
-58.48701,13.200844
-32.499004,56.96108
-17.120447,18.043283
-25.873816,37.522537
-39.077255,62.400574
-44.553047,64.84726
-16.88991,-10.247808
-11.02992,-11.058477
-49.077362,-21.855001
-73.139694,7.5622683
-31.03249,39.428814
-22.689154,-11.983757
-23.78232,54.94201
-42.534275,66.15355
-44.063297,19.310667
-57.893723,11.808555
-34.914604,-62.63798
-54.465782,9.196065
-28.985033,8.381309
-13.402645,-65.280075
-42.55177,12.74413
-35.768623,-60.06109
-28.244326,30.647018
-24.953497,-63.75254
-44.017128,55.160282
-50.149113,-14.506078
-79.68878,1.5781636
-80.46456,7.44049
-33.634693,-23.082584
-14.824098,36.769787
-77.50655,4.7509418
-38.713074,-49.636883
-18.349499,4.1117854
-25.159452,39.730434
-1.3728771,24.650904
-43.53246,56.345505
-79.2938,-12.431605
-2.7659712,19.121384
-45.67554,-31.986872
-39.603546,44.485306
-53.00943,-2.9691544
-45.22595,60.535686
-15.683482,-64.68637
-57.778465,16.115864
-67.96158,-10.719463
-24.957075,-6.378653
-40.26456,43.983665
-29.301003,50.368782
-42.418007,3.369046
-11.33852,-56.018284
-79.28149,-6.43906
-18.765417,-58.69492
-41.304253,48.32251
-22.831228,37.040962
-16.441929,-62.088795
-21.601353,10.095659
-21.290773,13.491226
-38.284626,19.109901
-31.389046,29.55967
-50.359295,-24.558712
-31.506123,-43.199863
-34.854893,11.832402
-20.207933,8.164504
-73.587135,-7.811786
-48.34156,-27.507784
-34.234604,31.858007
-89.407005,-8.001658
-79.18359,-7.9290066
-54.93631,-16.792303
-82.72886,6.7156377
-37.919476,-58.69684
-43.390892,3.5183985
-48.21303,48.44115
-12.786108,-5.3100696
-45.46441,59.002636
-12.0463915,-4.139424
-22.879993,9.078512
-72.9635,7.685947
-27.539925,-20.061237
-33.729977,-5.862095
-28.535149,54.654938
-46.403378,51.063877
-77.13339,-13.800926
-33.866333,-46.550316
-54.715603,-9.422728
-25.36645,34.911777
-27.530554,53.277275
-34.91308,60.937138
-52.068485,14.861533
-42.507946,54.427498
-78.08247,-11.666467
-47.418007,58.567146
-52.504433,32.051716
-35.339634,-54.900654
-70.17896,-10.713217
-5.7501044,26.596142
-64.11691,13.0387335
-60.77086,19.296667
-12.123922,-18.726372
-42.326256,62.223656
-34.33545,-62.377243
-14.211922,7.7188883
-14.474663,-41.427303
-40.221172,10.579238
-43.91537,8.193319
-38.097862,39.3156
-72.94088,7.7003117
-79.43583,-14.121221
-50.470108,-46.257645
-47.524647,45.668385
-23.694706,-50.081696
-18.610659,9.720825
-15.346315,36.102016
-50.300613,-46.12844
-25.542143,-53.210907
-69.735146,-13.058563
-25.490593,-64.0181
-12.150005,-61.15255
-15.1511,-45.202953
-43.49152,62.216553
-31.217989,47.822227
-39.137405,-61.733086
-30.669132,5.4545455
-37.78,58.427094
-23.693512,-56.439587
-16.774841,-53.359585
-37.428303,57.289238
-78.13864,-3.8050342
-14.488565,-61.732372
-13.868739,-51.40469
-50.527042,-43.23774
-84.192535,-9.678949
-72.75044,6.6978173
-9.209948,-18.607834
-7.7331667,-16.799257
-86.01349,1.665545
-48.71396,7.141641
-36.00648,-67.297035
-50.136154,31.864906
-35.119827,-51.798252
-14.436743,9.8422
-20.50799,17.587336
-51.9157,-19.965466
-42.582684,62.20249
-27.769648,46.995304
-35.995853,-55.417217
-70.72778,5.1088386
-22.012846,-2.2838178
-25.704172,-28.458916
-82.72224,8.272564
-14.510012,4.018551
-16.619516,-51.186657
-14.857119,-48.115643
-22.491955,-60.566532
-48.62354,1.0854307
-14.046046,-11.600343
-23.923285,3.6502392
-32.9432,-64.663765
-42.5678,51.262794
-28.721455,-34.507427
-18.169315,0.17460388
-40.058197,15.305532
-49.926083,35.163696
-21.305109,34.81757
-61.79962,16.353914
-49.112488,59.32119
-23.001163,19.287535
-38.392616,32.452908
-74.75613,4.9724936
-10.769314,-58.678574
-50.003433,-21.22707
-43.77009,-7.890182
5.109367,-48.41242
-20.097603,8.883505
-77.38807,9.15259
-34.327984,-12.098081
-54.93797,-9.361862
-30.446806,6.581954
-25.472967,21.142914
-66.27567,13.978144
-18.663849,31.708063
-80.41988,4.719176
-19.909924,8.598828
-9.828519,-51.10291
-73.58565,-9.021913
-44.836292,-29.505798
-25.523022,14.007817
-70.00896,-13.036349
-60.480907,1.660296
-40.624928,47.223915
-42.667,18.533482
-27.626673,-32.06092
-64.15316,12.123442
-43.261288,52.999783
-44.921062,15.09276
-32.541824,-66.304955
-30.43235,-65.21482
-39.296875,47.06343
-38.89941,-11.966096
-45.426285,-2.6308036
-17.085209,-18.250807
-22.325788,40.353523
-20.40349,5.270183
-33.729553,-61.62672
-45.30063,-23.259794
-34.62918,63.24565
-28.92791,-34.177345
-15.760248,-62.22192
-15.216837,38.592567
-82.08943,6.754647
-57.290142,-6.0849442
-34.923683,-47.566574
-23.58272,47.756935
-31.014751,51.84845
-15.67639,5.6106567
-43.407402,59.809227
-31.01762,-61.49672
-34.86526,-43.30484
-50.816753,-24.692467
-89.15772,-9.143301
-34.3668,-68.49228
-22.776525,11.470444
-28.728912,53.107197
-53.322353,12.7833805
-12.704822,-46.29562
-26.475115,28.661156
-16.37915,3.804685
-85.84366,-4.3884416
-31.788689,-37.50406
-27.900877,-37.43757
-47.316475,5.841064
-17.68892,-59.61367
-43.6935,8.647791
-1.8615074,23.79565
-32.901073,-50.804646
-35.89811,-8.209181
-21.308413,-57.8035
-20.129374,-1.4244556
-37.139275,-65.01143
-71.841034,-12.111385
-6.824082,-48.063168
-15.951686,12.101442
-78.132866,9.188354
-83.88581,11.4654455
-84.26599,5.9445467
-39.33843,44.130123
-59.64575,-9.691633
-17.466867,4.339451
-27.002277,-37.040874
-48.681713,-41.495
-11.658357,-15.210563
-54.942265,4.104571
-20.131098,3.8052664
-67.7217,-6.016976
-31.391088,-15.269183
-28.745401,21.669262
-20.606882,2.5511267
-85.97798,6.6079655
-16.847631,35.15024
-43.575954,-17.88819
-78.54548,-12.130565
-13.235837,-9.657634
-34.732018,-63.075153
-19.178295,17.377764
-49.864265,-27.410118
-18.641254,26.934975
-51.6216,-42.2481
-63.170273,13.470822
-63.272614,18.023197
-58.26027,21.10235
-11.176247,-12.719547
-25.938564,3.7363195
-20.74674,31.696217
-80.99766,-0.042615417
-37.3461,43.549683
-15.728595,36.93973
-34.173588,49.229553
-69.355545,-14.192971
-47.362217,6.5316844
-30.353893,-4.0886254
-12.276842,-41.784885
-26.162703,-13.869535
19.141296,14.198286
-49.97389,21.097683
-13.247717,-59.90219
-36.399635,-38.404594
-71.67046,-6.089134
-4.1726427,28.175344
-52.462727,-45.566807
-53.6047,17.149546
-71.32016,-8.701039
-49.747784,-25.956863
-52.69064,21.99185
-50.86526,-23.559944
-37.45982,-11.109988
-37.136234,-12.904638
-32.415257,-10.089445
-15.556719,10.380475
-22.047379,-6.7578425
-18.493616,-50.57928
-18.761562,17.164467
-17.160059,-57.369305
-31.02079,-66.700966
-13.67139,-16.037243
-56.14141,-5.23317
-36.518208,62.430874
-38.900272,36.952095
-31.980005,56.93438
-14.231115,-24.490278
-11.663263,-58.985054
-28.03989,-45.881104
-4.3089547,21.132168
-13.090622,-5.924791
-69.60872,-6.2170954
-61.58348,16.165812
-27.728325,-5.9810433
-47.130287,58.064003
-14.4680195,-48.58583
-34.71832,-11.179804
-53.132587,26.417397
-83.02179,7.095353
-23.744259,13.810135
-56.33396,-0.13890669
-41.098923,61.849483
-76.31801,-6.78383
-27.26734,18.65901
-36.1515,-15.499862
-19.815351,36.94832
-28.176224,-18.593592
-9.023547,-46.91229
-17.003422,16.780012
-73.28177,6.724423
-41.688644,-18.033918
-31.418167,-64.39282
-44.11864,19.37847
-36.28299,-36.26293
-48.778126,-19.478865
-35.5896,-31.377851
-45.62955,-37.293648
-51.551453,-26.518652
-29.940002,46.331047
-19.284117,37.74732
-49.444557,-42.530033
-5.0203238,24.588629
-20.300037,9.891534
-83.501045,0.254776
-17.051819,15.912011
-9.668971,-14.900226
-12.587502,-42.1213
-33.12839,-6.3145375
-36.10126,-9.137725
-42.533726,44.25897
-13.440099,6.7201104
-51.22433,-24.24901
-24.935486,5.6338463
-72.47059,3.7038853
-6.2793636,27.368114
-2.4423409,28.203636
-34.513157,14.009114
-35.28164,-65.51766
-34.922886,-22.272705
-82.54822,8.002785
-16.090576,-18.867104
-37.24004,11.772872
-36.44362,60.509197
-10.149592,-12.049797
12.252173,16.301075
-22.5956,-56.73672
-50.97361,-14.107613
-83.74362,7.2287054
-28.645304,-65.01416
-81.58726,12.83605
-59.40213,-5.7151704
-52.47671,-22.687536
-76.641655,11.0788765
-4.0855126,25.710955
-16.256828,-48.803417
-32.760925,-34.716537
-19.2771,0.3598836
-90.342606,-2.7812166
-24.051554,47.825756
-9.68365,-7.58877
-16.257221,37.91153
-48.721985,-19.69514
-7.088215,-11.995039
-41.41253,21.51344
-53.1539,0.93401545
-65.891136,-14.765377
-38.716427,-13.556071
-76.40393,-10.338909
-30.442703,-21.493816
-35.18955,-60.103783
-47.095165,60.182735
-18.326405,39.068634
-15.579146,31.538195
-50.919205,22.520157
-8.738855,-16.396385
-83.52752,-2.8403554
-30.065088,-21.772642
-49.553074,53.245182
-70.578545,-1.5240964
-59.70311,11.198706
-11.676674,-2.4357524
-70.72088,-16.779875
-32.903576,-66.89185
-75.0931,3.5860584
-57.10123,9.571766
-50.361584,10.566616
-66.04814,-14.599739
-16.441652,15.436592
-77.1278,8.622407
-15.747377,-52.870384
-26.192686,-11.432736
-56.80602,-2.3223314
-32.090992,29.885118
-33.673256,-14.074234
-51.77357,21.303236
-55.996628,8.610545
-71.367226,4.5710607
-45.678574,43.276283
-18.445316,34.260147
-48.448486,-42.949707
-55.999897,16.891973
-52.967525,-15.016056
-38.443626,-6.459963
-33.164272,-17.00652
-46.27497,-26.810808
-10.463141,-50.045986
-33.14675,-50.33128
-39.833584,-10.070069
-39.963554,-4.3577123
-36.385944,-19.96032
-32.963165,16.365799
-27.89659,-64.3801
-7.6619096,-18.740685
-67.30157,0.73317546
-15.823155,-6.4398475
-26.430317,30.316471
-13.227847,-13.028192
-15.484057,-57.305885
-73.69791,-1.1602488
-52.856293,-21.728893
-11.4534025,36.51278
-82.590485,6.007236
-13.179736,-14.142745
-21.75843,31.231066
-49.16273,-41.946316
-35.557873,-2.181016
-29.726532,31.756725
-53.05704,-23.620472
-12.274788,-14.8186865
-61.222332,-6.784306
-9.766315,-13.406949
-74.86926,-3.1757948
-13.563609,30.496025
-25.558996,4.088138
-19.853512,0.38443357
-61.80346,-1.4758446
-14.128662,-54.39363
-62.59002,6.104276
-79.65483,-1.2246048
-8.269891,-10.484161
-80.88215,-2.526079
-78.928505,8.68212
-33.126534,-12.876488
-16.414728,-64.99022
-47.48208,16.5235
-33.352333,-52.392963
-27.935411,54.061443
-52.069695,16.798409
-24.05514,13.918989
-9.655466,-43.716034
-78.77175,-3.2600012
-31.542484,-64.03477
17.524067,18.719023
-35.342186,-57.620617
-24.572046,-20.324339
-2.9949968,25.683147
-27.590448,47.104607
-27.73899,49.222576
-55.568836,-14.014181
-68.972336,3.1412466
-23.638218,-7.478711
-34.090214,51.580914
-30.36978,54.21083
-51.41307,19.215115
-42.35568,18.547243
-18.795013,38.485203
-39.5962,-0.96490854
-39.818787,31.638287
-8.362497,-16.570686
-50.734726,-45.902912
-68.87944,12.073057
-48.035595,-45.977783
-41.16983,-9.929688
-83.10205,0.9237242
-18.423212,-58.465942
-65.00646,-7.173732
-49.595882,-25.28321
-7.571266,-14.75061
-25.241114,37.66714
-38.281166,38.486557
-32.685467,6.8270516
-32.570236,16.382305
-0.10163651,24.749197
-29.490826,29.410074
-14.104121,5.596224
-36.367416,38.140926
-84.37733,6.367028
-33.789433,33.635006
-14.294258,-13.719137
-54.9243,35.375473
-17.760935,37.709007
-17.498487,-41.899204
-16.49953,33.487064
-36.583855,-13.790836
-49.9044,28.7359
-44.650578,59.023254
-13.736008,0.78109986
-48.854256,7.155141
-52.51804,20.514774
-44.327263,2.9055047
-45.000023,17.808912
-61.510166,10.706943
-25.54556,6.030945
-3.7440243,25.331951
-48.755016,19.855162
-46.679684,-32.352818
-32.18799,30.65242
-33.99354,-67.28995
-52.661217,18.53151
-30.589037,-64.79941
-17.647797,-48.21743
-52.730717,32.67937
-20.024416,-54.06771
-53.226814,-21.145807
-31.398762,-8.453149
-27.63986,4.5421257
-46.416653,54.275246
-49.186676,29.236906
-44.020382,4.725809
-47.25613,19.433647
-13.417342,4.7728724
-38.208687,-3.73139
-25.75657,20.373062
-13.081655,-54.136654
-16.171692,-8.20575
-84.37158,-10.264788
-28.378647,9.839703
-45.07917,-38.623264
-27.051394,11.234387
-15.814634,-57.342075
9.220703,-21.297863
-12.091779,-23.968267
-24.834194,30.223452
-43.69618,60.37121
-62.41707,-11.025838
-63.287987,-6.9287353
-18.740318,-52.390347
-86.492195,4.3699164
-11.052798,-14.291703
-46.299255,-19.072773
-50.98964,15.149241
-78.49825,7.631034
-21.995693,-8.558872
-72.57468,-13.353534
-12.710114,-14.111289
-48.76444,-41.44186
-37.41023,33.30173
-24.927309,34.505405
-33.84527,32.907207
-22.14248,-58.70702
-17.157667,-56.80011
-32.28828,50.169273
-15.347431,-50.130463
-24.671305,-20.404478
-24.410078,51.524567
-56.500446,0.07326299
-27.024376,12.780522
-22.585764,-0.13396154
-31.312181,-21.111935
-36.95726,-28.58785
-71.793236,-15.5371065
-32.171066,55.934273
-37.823334,33.62971
-19.410418,-2.921639
-70.10618,-1.1282687
-2.8747008,23.102262
-49.06118,-43.008183
-10.053353,-56.82651
-33.04806,1.293299
-51.640293,-24.673645
-21.188599,16.103449
-4.508943,17.19989
-29.947596,-24.51476
-46.752842,16.658134
-2.285468,19.513096
-38.351692,59.4078
-16.324787,-52.307724
-74.26593,-7.9311523
-45.358173,-16.708015
-7.108374,-15.495385
-68.51439,-7.2923193
-20.835194,16.762579
-63.68631,-4.9307704
-18.13527,-48.125137
-52.919037,-21.741274
-23.345688,8.682228
-44.062675,-16.967669
-12.685237,-12.975747
-60.79398,19.934484
-53.54568,-5.333712
-22.580189,-0.9928646
-23.597422,34.177364
-71.45403,-4.891744
-45.74158,4.9565105
-31.772055,1.6681832
-31.907415,-66.35647
-41.811268,39.58223
-39.573616,51.92042
-45.443893,-2.16955
-36.722256,-5.855124
-86.12579,-6.2928495
-28.466696,50.649467
-20.329617,9.6364765
-10.376822,-13.727988
-12.463433,-58.421
-17.80353,-46.186035
-11.714837,-51.19576
-26.499355,1.892667
-50.778988,16.060509
-36.54596,-56.32815
-28.846592,22.18518
-78.826096,-6.316813
-15.0789,8.274503
-18.796206,-3.0008512
-38.580677,-30.94501
-18.379898,-49.155014
-72.83705,-4.3708296
-42.561836,18.5968
-1.7504107,18.417212
-30.062412,-31.817312
-12.073604,-11.316132
-40.759438,49.80523
-18.470318,-53.34833
-40.812935,57.175987
-41.272915,1.1835643
-32.979088,-22.68788
-25.99824,37.044384
-29.851864,31.800795
-17.023489,14.523063
-35.869865,54.301662
-38.037556,54.753826
-72.949844,0.9688053
-37.167934,-38.54369
-47.687454,31.390764
-17.471064,6.246294
-53.6287,21.303148
-47.163418,-40.926144
-53.60801,-16.839098
-44.105095,7.200245
-34.653893,-35.33757
-2.9926357,24.708525
-59.989532,13.617614
-70.90094,-4.837994
-59.500248,-1.6106747
-27.467173,29.918222
-18.997362,9.7486515
-47.41729,-13.325111
-19.474716,-39.339394
-24.340254,36.37442
-32.98711,-67.68308
-10.939436,-24.276192
-24.416483,51.374966
-20.10077,15.044949
-25.60898,19.542557
-67.6849,0.26682398
-61.137722,16.52669
-20.930147,38.057186
-40.127247,2.0398715
-83.82236,6.9514856
-39.31052,-32.592644
-80.30975,2.5846143
-82.76914,0.5209797
-56.832302,-1.5482368
-49.861298,21.20588
-33.726402,17.621983
-45.84936,11.054359
-24.12118,-4.995638
-30.368559,-21.421173
-57.31805,3.7907214
-23.521591,35.779755
-23.412634,-51.674133
-44.658566,-4.8944516
-31.49468,21.100996
-28.40884,-10.872922
-35.334244,7.9898806
-55.493626,17.00133
-34.44915,-11.919068
-16.334291,0.7650708
-26.350365,34.859573
-88.23082,-7.041307
-83.808975,0.08826652
-56.724167,10.315467
-37.419937,16.508652
-26.692373,-14.448697
-69.47286,2.6560667
-12.173803,-0.11850106
-31.552158,-1.0395235
-42.43707,60.43631
-66.537895,-12.105379
-32.60239,48.537476
-78.73076,5.568709
-13.273786,36.510822
-77.59004,4.0582285
-53.124573,-25.074276
-42.46415,4.761829
-50.40515,-23.427935
-29.17149,32.635902
-13.228624,-19.377396
-47.367603,-14.551736
-56.407894,-1.0320078
-88.27973,-6.1169786
-27.844292,6.402519
-35.976765,-7.484669
-26.626968,15.685639
-33.7431,-36.418148
-25.105738,53.111725
-43.66144,58.932728
-88.79373,-9.461763
-48.315483,51.666065
-62.308796,17.7812
-0.53716,24.226099
-27.455576,48.648212
-16.547176,-41.627575
-63.567585,7.0432067
-18.161068,-62.737595
-45.3826,-2.3620777
-64.76055,-8.377107
-5.3013515,27.404055
-18.48661,-48.587673
-64.00692,12.527279
-39.803608,62.322067
-23.186846,-9.107657
-19.886772,10.020491
-60.61854,1.101142
-56.860523,-3.190909
-39.21529,47.60978
-17.492786,-58.69118
-43.661568,-23.459558
-3.0862505,27.034204
-85.249626,-3.8996155
-60.8601,11.805804
-52.91278,-12.562286
-18.822704,-61.560467
-17.750355,-40.87793
-31.082716,-44.313183
-32.367237,-61.281765
-72.27067,-6.407103
-33.706818,14.242394
-26.714924,52.68694
-19.63531,-39.381405
-69.861496,-7.425238
-38.611214,48.09948
-49.00471,6.1081233
-29.796545,-51.25189
-24.593996,-45.6828
-45.252113,-17.830538
-18.296501,32.74874
-56.793285,6.349827
-16.05594,30.25374
-10.348693,-48.54246
-55.451954,22.148106
-27.053114,-49.96728
-69.58878,0.05000883
-49.578888,-15.452093
-55.422092,-23.98003
-35.204273,-59.791157
-15.42315,9.509487
-70.21768,3.8376446
-83.39124,12.076359
-58.973614,18.851936
-18.052065,4.3837557
-53.973373,-3.797799
-31.571863,30.617079
-74.91821,-0.67452705
-29.087187,-35.801346
-33.624138,-16.258154
-47.571686,-44.46695
-28.750162,-45.42134
-28.47768,-49.28264
-35.70033,14.065333
-38.8871,-19.987928
-20.52599,4.1573386
-25.716908,21.459608
-26.8576,51.386192
-76.697105,6.8372173
-41.09287,57.217148
-27.990232,28.824492
-30.833162,1.1175506
-52.719364,14.6203
-30.706533,-19.903873
-36.381947,0.35141438
-4.903573,25.094645
-25.998775,55.18985
-38.42589,-48.651897
-52.630653,-41.055004
-86.81116,-0.60781544
-35.024544,-49.787888
-83.56617,2.9708376
-33.95295,31.74151
-16.952862,36.4075
-33.85965,-18.894419
-77.34711,-2.5199683
-8.595781,-16.945383
-48.00189,5.9342356
-36.364384,8.209103
-41.3777,44.854057
-20.17474,3.0597353
-29.467525,40.581074
-24.119314,-61.011257
-82.063965,0.74913806
-38.33555,18.942118
-35.355885,0.4427092
-57.236057,-22.223463
-51.67331,33.77173
-5.4248548,-19.46184
-29.735468,8.984609
-46.96413,1.116241
-32.89276,50.61317
-79.01792,-4.6520753
-30.757421,58.183403
-11.103059,-37.176685
-11.168066,-40.409004
-34.882236,-31.122618
-33.24305,-65.307976
-48.821796,-19.01298
-15.408588,-64.18541
-23.426691,-17.334578
-53.928368,-21.586071
-49.938595,18.67127
-30.900558,-36.329647
-41.891434,13.951299
-38.251957,32.766716
-1.7557789,24.47251
-19.907701,-59.592255
-31.381172,28.72805
-55.10899,21.305021
-52.93953,32.53977
-51.25418,-42.59864
-16.707024,-44.750774
-17.62685,-11.953694
-52.696957,22.445362
-52.33527,-45.462788
-32.157097,61.741062
-21.00373,-58.79903
-38.81337,-30.215307
-20.96366,22.152002
-32.844593,59.91221
-40.844494,34.29433
-77.26986,3.960222
-31.551443,14.56485
-57.450077,7.152071
-46.582733,56.29737
-29.70983,-49.611126
-24.246372,-41.583454
-77.20669,-3.2233555
-14.82801,-44.452885
-81.21363,4.032544
-22.054281,7.826488
-33.62317,9.443319
-22.38517,40.555782
-44.40822,-46.858604
-54.728836,-0.3020667
-56.373566,-21.056215
-12.998361,-51.7237
-16.404554,-62.422733
-15.756684,30.148832
-16.611721,33.199184
-35.105324,47.26041
-31.29303,-35.978447
-6.521121,-11.849146
-70.46109,-7.911636
-23.502605,-15.871406
-46.75108,-40.409817
-43.0158,66.18386
-37.730026,33.386536
-37.88578,45.332188
-68.82158,-7.713272
-36.138058,-66.522766
-19.74734,15.536197
-11.478491,-61.70757
-50.78158,19.54122
-24.411865,-63.375355
-20.76963,32.125713
-2.8997178,17.757578
-41.617687,-24.206758
-49.613903,-44.7928
-41.74188,-13.7698
-55.33825,20.514061
-20.138702,30.824291
-16.949612,36.34545
-19.693577,34.826157
-63.727757,8.616633
-1.5845256,25.610256
-11.042284,-56.478733
-54.443707,-5.7864466
-47.647934,11.509281
-4.7350535,26.61969
-28.332672,6.431842
-49.104202,-46.851288
-72.94232,-12.675601
-42.517803,-17.14758
-21.055788,16.664495
-40.753483,49.77638
-27.526419,30.927567
-39.320484,-56.389442
-33.791084,-63.644302
-45.51934,12.057203
-29.383503,-65.59226
-32.693825,-32.168503
-25.720028,-28.555563
-63.263885,-6.8763523
-35.3662,-7.65214
-11.450744,-44.461575
-34.226044,-12.522994
-25.512938,29.857393
-30.067684,52.919178
-42.476776,40.8764
-41.678596,46.127
-66.63637,10.725825
-55.837074,6.4299383
-20.280401,36.869743
-44.51239,56.53307
-34.43608,-33.285866
-81.84878,-0.3664044
-74.304825,13.9217415
-31.84169,36.787354
-13.278191,-14.988381
-23.434357,37.102325
-59.975544,-17.599434
-18.85974,-39.37165
-39.940937,60.593685
-22.67316,-60.428215
-48.39314,-23.876474
-51.84504,31.485971
-47.088398,-39.36401
-68.32866,-12.370222
-48.367405,-4.4785466
-24.67024,45.680695
-29.365446,-43.99215
-20.642885,3.8689497
-84.4896,5.515099
-13.642987,-20.630857
-31.71358,-22.741323
-63.714733,-0.56131077
-19.770868,25.156364
-20.467127,-1.4247794
-63.677444,16.782555
-18.937658,-60.843353
-9.884577,-43.78955
-18.33117,2.2162151
-14.009347,-52.220432
-87.72576,-6.719862
-48.467648,2.436277
-61.72622,4.528229
-31.315165,-23.272535
-23.087545,-20.733389
-2.6682045,25.198627
-48.91533,23.510998
-27.992613,28.33869
-77.446014,-14.925264
-49.509205,35.718506
-58.44643,-17.357456
-54.417763,15.62071
-24.214872,-21.942444
-58.15897,18.601604
-37.652695,62.71769
-36.056026,34.755775
-33.968563,-16.146502
-27.957853,-49.865906
-38.09733,39.409893
-59.536186,15.4162245
-40.59987,12.443008
-53.91105,-7.9681377
-35.829826,-27.782768
-49.56035,-24.71987
-22.779598,34.79012
-5.1277127,24.168447
-17.966854,-44.097378
-23.932554,-41.66021
-18.058195,-64.14972
-73.3836,-10.759066
-48.027596,-44.786858
-55.246487,-3.7794602
-32.986153,-23.836033
-49.779194,-40.905083
-26.688194,48.79842
-35.73916,-3.8037717
-5.1054606,24.105217
-73.45565,6.7448025
-68.839355,-7.400589
-59.868862,-1.2588327
-43.34728,48.252735
-17.392307,-48.10881
-32.155205,-13.891701
-34.540035,12.007787
-58.444374,-8.084466
-40.049595,-13.980574
-19.53914,-57.581757
-5.2130466,25.973618
-30.477339,49.003765
-66.71469,-3.7228625
-15.130718,-63.021652
-13.397882,-56.88515
-40.48833,7.760816
-49.53806,-6.90473
-42.703617,40.91295
-72.73348,4.7366505
-84.98375,1.7891494
-12.7330265,37.144127
-44.97933,51.557354
-57.54405,4.1067204
-72.00003,-7.727632
-11.029012,-52.36591
-56.88642,-23.043957
-65.06322,-12.635726
-42.526432,-44.839695
-31.040804,6.0017447
-28.303436,-33.196552
-45.069195,-17.884813
-28.83134,-38.491215
-18.276169,38.055832
-40.515675,53.13563
-12.981049,-53.1071
-6.6504793,26.109781
-19.92395,33.77171
-6.295627,-10.347163
-24.16113,-16.751923
-18.350054,16.125034
-65.490845,-10.607256
-25.909184,-44.23064
-30.527802,21.269802
-27.000143,-35.142998
-39.055,60.25759
-40.111134,33.140675
-38.262344,53.018494
-19.76098,-40.524227
-13.290473,38.65041
-40.07198,63.329872
-39.732536,59.015034
-17.181572,18.15073
-77.21082,-11.7212105
-38.457317,-6.286945
-17.523224,-10.885128
-72.60234,-7.8563247
-14.876157,-15.387531
-66.71332,4.2824273
-85.00838,-7.812819
-19.619253,-42.659615
-47.881096,54.849445
-62.75709,16.23715
-28.722662,31.457952
-51.27538,-8.021169
-4.262178,28.396082
-17.009747,37.17693
-14.673732,36.896626
-47.335537,-27.21627
-40.14337,-43.416668
-11.977243,-48.78433
-48.82541,60.453835
-73.79963,6.9277143
-27.3506,-40.31002
-12.5575695,38.11137
-36.63484,0.35745043
-32.97028,-58.48348
-25.789381,-59.3359
-31.74155,-3.4471247
-56.530254,-5.320017
-72.04525,-11.790763
-24.580168,-6.300697
-21.90707,-44.34559
-87.71383,-6.8467774
-45.2452,52.32209
-53.565395,-24.160173
-46.401546,-22.602755
-43.779354,-30.528831
-83.63977,9.03142
-40.485638,50.95297
-27.030863,-2.9423637
-46.648464,14.519308
-51.682537,-7.524067
-20.98078,8.709497
-49.8226,0.26301715
-83.604126,-2.9323869
-31.0987,14.713428
-23.179499,11.279785
-49.584625,31.521051
-27.151453,-10.152945
-35.91159,65.80399
-14.9474945,36.835583
-35.518967,-27.591694
-22.886507,29.58831
-41.543354,-13.667939
-18.04004,12.153779
-27.443174,54.245464
-27.457262,12.973153
-42.164906,-2.379534
-9.535396,-23.168482
-81.435585,-4.0019717
-31.518229,-21.787867
-20.912796,-8.629401
-46.097305,-23.49931
-60.822353,8.397105
-84.96453,1.637267
-23.69095,-54.848682
-14.721736,-41.855766
-59.98509,18.68239
-21.758255,41.75131
-51.997986,-41.931755
-19.56631,36.332047
-57.317883,-1.5664915
-37.88613,31.41267
-27.394827,17.053205
-33.124157,36.136787
-52.6079,-10.820577
-56.247845,13.595768
-36.15503,66.0936
-17.014858,19.536655
-23.816935,47.785824
-56.94708,10.572643
-35.741676,-40.059967
-26.23734,-49.5161
-69.302124,-1.9616354
-19.527212,15.901167
-50.093872,35.22478
-23.096523,9.729848
-26.759079,-62.38132
-18.953726,15.250868
-77.591095,10.034941
-48.005383,-1.2036091
-57.78918,-8.7344265
-18.073397,-41.949074
-14.960224,-14.428577
-39.01834,-31.468195
-27.614103,55.75533
-24.61079,47.469627
-15.235248,4.9776917
-43.65924,59.830353
-87.35876,-8.297876
-46.163696,-33.116283
-24.087692,-5.102376
-61.423134,-6.7806044
-21.86504,-3.4340956
-19.170094,13.345577
-32.23905,-54.120144
-19.621368,4.3562016
-26.469496,-16.817074
-15.708421,-53.830536
-51.19386,-25.00632
-45.418056,56.223373
-10.812463,-52.311237
-42.230217,-12.92325
-78.915344,8.350041
-79.69455,-0.9329936
-30.391003,-5.2782016
-28.184347,-59.287426
-19.849215,13.083784
-35.28255,-6.244014
-23.500948,-0.1085804
-49.03423,-44.120136
-46.888893,-44.551975
-9.692049,-12.374295
-29.322985,-20.788157
-46.907906,-20.43011
-30.085407,-20.604445
-30.450981,14.640099
-31.499208,50.238247
-49.729168,33.330807
-32.506798,-42.120052
-4.3862066,17.872738
-79.77573,10.651665
-68.69005,-3.187814
-47.959938,-39.78229
-46.591072,55.509266
-38.02431,-31.272877
-39.661682,34.77609
-49.409782,-7.361461
-85.18179,3.813991
-17.209127,-52.239513
-57.32141,15.781943
-14.874682,-61.168888
-34.05147,-18.694395
-14.4287195,-17.474375
-20.319387,0.6862079
-82.14706,-4.2467666
-33.99851,9.712234
-30.774757,58.25938
-17.338625,3.3557274
-11.302728,26.605494
-77.41153,-6.3276935
-27.071945,7.1678743
-52.25464,-9.97491
-79.87392,-8.326697
-22.53778,35.483242
-73.439316,-14.365467
-81.61674,4.0281715
-50.077106,4.7473893
-19.068563,-15.42346
-12.504786,-15.678357
-29.722868,-36.551937
-81.38829,-1.0372444
-55.19252,7.6155376
-60.649197,-3.4121022
-48.64577,-22.144436
-35.940117,-53.520943
-38.0523,-57.63564
-30.120726,56.395622
-42.732265,43.13453
-18.105247,-2.204374
-48.798153,23.810514
-35.72273,-9.692507
-57.76131,-0.53914917
-70.13491,-13.4066
-43.267334,44.74968
-76.06266,-12.114872
-37.820087,-9.634369
-90.04766,-0.94753885
-31.837566,-51.519485
-57.040165,0.81071836
-3.6369216,24.87939
4.158153,-49.81014
-82.20892,-3.4324067
-44.89046,10.111709
-9.297316,-22.07843
-37.324455,-56.951622
-9.4416685,-47.4123
-31.94422,-5.258053
-47.68178,-22.5413
-71.893814,-15.353602
-31.377163,28.881248
-11.50594,-44.56725
-17.816746,-57.905632
-43.05069,5.0055223
-33.388927,61.955967
-32.972298,-25.191751
-39.018005,57.833416
-17.16338,-56.905052
-21.072845,3.234899
-55.2964,-6.541239
-27.679089,45.385384
-48.1625,52.821148
-15.435117,-7.02908
-18.379549,-54.48715
-49.953876,56.5648
-47.487076,-39.807323
-37.775314,3.2430255
-55.438534,6.503222
-76.14067,12.872429
-44.108482,10.050516
-21.481182,9.943316
-86.93399,-8.606
-14.933884,-14.573735
-15.935072,-0.5735861
-44.829445,2.8299513
-42.249798,-3.4456115
-32.33548,-32.536232
-34.972874,-8.226166
-9.712032,-46.45461
-30.4711,45.771515
-40.443443,-45.92822
-9.15005,-56.310093
-73.53365,2.1324925
-43.69229,-47.089104
-29.989029,-41.4801
-32.648487,-67.98608
-78.74786,-9.819914
-47.49113,7.950136
-41.5944,52.369785
-30.09586,-6.227812
-51.941067,-1.6097257
-66.587776,10.786987
-73.459015,-24.597597
-43.97691,43.62038
-67.168396,-1.778453
-21.12056,-3.8356411
-31.107494,40.551567
-53.342503,12.719461
-31.035738,39.258263
-35.134468,-43.575676
-29.121876,-6.39627
-34.40718,-36.072514
-21.461557,-17.722456
-52.43917,20.86531
-50.674294,-42.078724
-78.721985,-4.5881724
-43.501385,56.821056
-65.027115,-5.1279545
-55.637714,5.688376
-17.967127,2.3550181
-22.97485,14.258499
-68.31012,2.3907022
-29.27828,56.86777
-44.542614,-43.879093
-38.08202,-56.72995
-57.88345,16.25745
-36.522602,64.83074
-58.598724,8.782724
-80.61358,6.215193
-53.45578,31.665422
-22.080399,15.507954
-5.0776215,16.828537
-68.12603,-1.3393321
-32.688236,4.8459706
-71.569336,-2.2777474
-46.187527,-42.64242
-62.37294,-11.847372
-36.166203,-51.11375
-46.7461,14.994842
-13.81599,-62.446777
-18.815643,-56.347626
-38.140316,33.94387
-54.181023,-11.193321
-39.955376,36.334667
-37.005787,-56.35013
-34.649185,63.410114
-33.27132,-2.5830824
-50.07638,-14.347116
-60.87675,12.633093
-21.527306,-19.292416
-43.071285,44.722492
-23.487013,-2.411918
-30.079237,-65.84571
-30.52966,-65.851425
-24.488445,15.852099
-51.980175,-11.377416
-29.942299,-51.18157
-44.976772,8.030287
-36.444576,-38.080772
-31.49416,18.180698
-24.209997,-54.764893
-34.53548,-37.295666
-19.161747,25.719193
-53.08858,8.809125
-37.27122,-65.0324
-44.30277,5.5470543
-67.23394,-15.445265
-30.791786,31.180103
-1.9117638,24.070719
-23.713472,-7.667433
-25.881409,47.079567
-41.41734,-3.3215568
-19.483398,18.735327
-50.07823,32.378017
-12.818862,-10.938059
-16.175816,-48.76315
-30.551575,14.814196
-50.86698,-7.2057753
-69.46048,-13.407357
-22.760431,-20.822723
-39.628994,34.65791
-5.2899604,-19.652498
-62.263863,-2.7328727
-61.198357,7.070715
-51.580547,30.975195
-43.76468,55.266857
-32.372288,38.418636
-35.949406,-50.585094
-27.69366,50.876
-32.19486,-63.138283
-21.752388,-54.536407
-18.240274,-47.90465
-71.010925,1.6147195
-68.848495,1.7250024
-55.90215,15.050271
-31.10805,-6.5381317
-47.67725,33.85814
-58.948673,5.4181304
-83.67036,7.770817
-29.99881,-65.799934
-45.290142,6.3114796
-33.13141,63.697174
-48.439568,55.355576
-86.18849,-1.2963747
-43.621437,44.62825
-40.678883,-8.049155
-34.868378,63.09524
-12.889109,-54.293358
-61.094826,14.437991
-23.960669,-23.278027
-33.394646,46.36025
-74.73487,9.565594
-83.394684,7.630272
-36.88288,-50.09415
-37.95322,55.990433
-29.04714,50.448494
-48.42123,-20.71795
-35.820084,-28.628494
-66.11399,-0.7221948
-26.148613,1.0032364
-15.649439,-2.8754334
-52.691692,-11.495754
-20.810179,-0.2984672
-35.893555,-1.9145621
-10.722382,-8.1402
-51.623962,-23.46999
-81.07314,4.2281857
-66.46278,-0.68723494
-64.10977,12.204166
-30.762041,60.652103
-27.82466,-53.181023
-58.965065,-2.8815563
-47.5521,46.6978
-72.31497,3.1184616
-17.051836,-60.489185
-83.96399,-0.98518544
-36.328545,-61.927223
-30.201717,-5.576794
-38.54228,61.752068
-42.089615,46.354046
-19.765724,17.722164
-47.263107,16.029608
-47.8367,46.691364
-28.271656,48.61877
-68.734116,-0.36804724
-35.582294,-55.55061
-46.305355,-32.51926
-18.352367,-7.8627424
-32.273506,40.920845
-56.73621,-15.005368
-33.045174,12.742913
-55.38283,-13.712098
-80.63906,-1.7091115
-30.606182,-67.03648
-33.873447,16.004818
-34.93641,-34.889454
-62.58618,16.713987
-65.75387,2.0154116
-68.583664,-3.2528117
-15.7635765,-63.725677
-54.279778,-11.22167
-6.018489,28.752604
-73.77201,-5.6165667
13.124107,15.798134
-18.22144,34.196808
-39.44033,-13.340567
-35.497562,-63.43721
-25.038013,1.5812548
-37.124218,-7.316905
-36.892048,45.621662
-23.698837,-57.425903
-36.935276,23.723139
-44.90542,17.783043
-43.58244,-42.494473
-48.132744,-22.752323
-27.507738,55.72896
-60.46952,18.671062
-52.93019,-11.489072
-39.604084,46.969944
-37.46251,16.552496
-49.809547,29.793499
-44.070145,2.326845
-69.32801,-0.87761396
-61.163345,-3.586849
-15.050049,-42.010426
-43.373356,59.293053
-19.651154,15.54225
-70.44882,-10.618401
-11.317242,1.0085603
-20.8021,37.40978
-10.068337,-43.341938
-77.84108,-5.304703
-84.560234,-2.346665
-78.932945,-8.858039
-32.5958,-65.45077
-52.14966,-38.570972
-12.70445,-54.79461
-16.476105,-46.828598
-28.738369,-32.900864
-70.816734,-0.89332336
-31.08069,59.707195
-30.440313,-51.210003
-25.161146,10.658941
-17.931366,-44.012917
-80.87151,-4.070838
-50.14604,-47.095097
-35.746765,-3.54699
-31.842533,56.22348
-51.03516,-43.897137
-21.067354,27.87067
-56.663986,1.3348948
-34.891132,8.423151
-11.080167,-14.945233
-12.693042,38.47932
-40.282333,60.57465
-67.63191,0.13748582
-34.56032,-6.8288546
-25.142118,-18.79527
-76.611145,-3.8850627
-27.725363,-52.686695
-16.844734,30.756067
-17.108412,-61.30205
-20.061398,34.128365
-14.883967,-62.914745
-35.84175,-28.738506
-32.317974,-33.42807
-33.810402,4.3228745
-11.489243,-46.27801
-16.442734,-58.921356
-30.470757,9.400766
-53.438023,18.42797
-43.974125,5.697969
-15.303351,-13.53138
-58.038918,14.799414
-51.46914,-21.618078
-36.889595,-30.675028
-44.806816,48.516823
-46.515453,-42.306557
-36.767624,-30.068188
-19.380266,7.690873
-25.902699,-51.35121
-45.2705,-19.131557
-56.66575,-23.96262
-20.726456,-8.253308
-27.700018,36.011566
-33.63841,-64.55726
-33.876762,-10.522977
-36.52155,62.0909
-75.64488,12.071723
-37.466522,-57.344395
-22.173716,15.471098
-16.111492,1.9106919
-48.881992,-46.657974
-65.42763,-8.222175
-32.51134,-64.63827
-11.65897,-7.5502214
-57.23161,7.263676
-70.09676,6.037936
-29.152992,51.318275
-32.309322,-5.7995243
-35.878662,-11.824596
-75.45101,-8.228057
-18.692028,31.861471
-8.8568945,-11.600061
-73.364296,-9.098054
-16.725739,-6.8892217
-50.376022,18.327324
-10.599915,-53.95584
-34.07986,-28.257376
-69.10286,1.135199
-8.083905,30.853884
-43.958637,-37.22096
-40.330902,55.208378
-65.34239,-10.972973
-22.681974,-42.877415
-32.205006,-50.84368
-25.222143,8.711912
-89.47665,-10.418018
-60.170506,-0.49624446
-61.715443,-2.831061
-86.98562,-9.297432
-60.00584,13.208523
-46.428207,-37.8672
-33.44971,60.620987
-35.49778,-54.374332
-21.212465,-2.5599139
-47.505447,8.234698
-32.99532,-23.902578
-50.604046,-6.9167457
-61.80597,17.361082
-22.203497,-47.21049
-29.736639,-20.91119
-52.897835,-2.6416595
-25.63284,-15.010162
-10.600665,-50.192112
-80.8617,5.2453065
-42.73798,47.43193
-36.059593,37.04364
-44.23317,57.4765
-24.575829,36.217335
-28.960457,-51.66067
-72.1516,9.778456
-3.1628008,26.794195
-17.85529,7.7939234
-60.776123,11.518036
-63.015636,-8.8858795
-52.256855,20.167934
-33.558693,-65.29454
-36.766655,-49.874767
-32.562965,-11.357327
-71.5494,0.26616874
-42.81213,-13.768568
-87.82235,8.406407
-37.57208,-29.94515
-38.87856,43.467495
-39.772366,57.806847
-41.77539,-24.202559
-20.483171,-23.063656
-36.42811,56.06864
-80.11201,-2.6788454
-21.210918,14.1180105
-30.689913,51.212166
-10.772694,-17.602493
-18.786615,-14.974286
-12.599332,1.1673691
-43.506382,50.34561
-12.845445,-16.707857
-51.748486,10.617468
-34.761074,10.023939
-14.186691,-61.092014
-12.328012,-37.835518
-7.2375784,-45.558163
-50.217464,-19.955439
-34.421825,-61.75689
-24.437704,44.52277
-6.125504,-10.158935
-34.61452,-5.03439
-45.006504,57.030888
-37.30921,-28.986876
-2.6456282,18.35487
-41.558487,-18.191973
-39.09017,6.048016
-11.990173,-60.635937
-23.204424,11.1652775
-86.96242,5.5985565
-12.181537,-4.2401595
-12.151424,-41.016098
-3.817372,22.57895
-2.544426,18.68126
-10.672046,-15.520175
-15.1505995,-59.351448
-56.361122,1.6572136
-40.711056,-45.908882
-36.094906,-60.60135
-54.71525,16.441086
-33.483852,16.335308
-74.04033,0.8061013
-25.723196,14.248794
-60.64324,5.0002627
-49.27067,-18.405973
-62.069775,19.119305
-44.73604,20.796858
-13.447708,7.898744
-32.164154,55.045258
-40.000896,-45.670067
-17.732414,-55.333496
-46.165367,3.6524909
-14.402782,-6.9977193
-69.747696,-5.4946666
-42.106106,46.269104
-52.279568,14.503113
-15.542984,10.29483
-13.969259,-49.456085
-57.56575,-1.8256017
-0.4798986,23.44827
-42.533875,64.253265
-33.03869,1.2359012
-20.153774,-39.982937
-14.512726,-36.793545
-46.78845,-38.413155
-30.015312,30.181662
-14.857848,-46.840885
-32.63423,-62.27165
-38.638866,-12.352636
-27.660135,17.04461
-74.49715,-8.80894
-38.06753,54.716225
-12.33934,-61.618187
-70.1589,3.808396
-49.552814,-22.63607
-19.35612,2.1802418
-61.79439,11.976319
-89.29828,-5.8864794
-29.344194,-31.303846
-74.36083,-4.0623856
-40.011345,56.84588
-21.519947,-4.7989006
-33.35374,-40.772263
-22.905033,6.429031
-81.79381,8.370677
-15.9913025,-6.946735
-36.60174,52.153206
-8.354448,-11.285166
-9.679737,-7.3729563
-35.560413,-44.55075
-21.68122,41.791016
-23.990475,1.984665
-36.876503,13.717585
-17.484983,-12.195567
-25.940145,19.83631
-37.573154,55.67411
-3.4235046,27.852884
-40.139618,58.08917
-81.040245,7.4024553
-29.868998,55.763638
-63.703167,9.587753
-25.417072,53.506985
-45.836926,-22.938448
-38.647305,39.328857
-41.66622,-40.165226
-32.218422,39.505035
-40.969376,58.704044
-60.89783,-11.93984
-77.013084,2.660195
-46.92829,16.851543
-14.6186905,-9.036103
-36.851463,60.413834
-46.859165,-44.347687
-18.357035,37.75748
-32.946114,-12.354074
-35.854042,36.000324
-44.589565,16.79847
-40.57871,46.184505
-26.859888,49.98846
-46.473946,7.169611
-38.94548,45.141003
-8.2503195,-13.929558
-72.76649,-12.155391
-14.941398,-11.662341
-32.301834,61.794277
-59.17953,18.809563
-48.352757,3.6088138
-21.838953,-47.150963
-31.030443,-44.521214
-31.1845,-48.78545
-28.087128,-22.055206
-6.4147997,21.612638
-32.19019,-25.036356
-79.58762,-3.6603448
-51.442234,-20.953773
-39.24047,-3.0363982
-28.4563,51.371033
-69.50153,-20.38168
-15.621243,34.27346
-30.782873,-18.831242
-83.047935,-0.70488834
-14.964124,-53.698635
-40.100803,-3.0280964
-25.6866,50.17378
-18.186134,-2.3843684
-48.7291,33.1739
-29.552496,55.1109
-19.704502,-42.660774
-16.797792,-45.76653
-36.118366,3.9259553
-18.907877,-54.69302
-52.544872,-19.738138
-13.177007,-62.237305
-89.35926,-5.9012685
-35.483665,-38.083755
-36.288834,-48.45132
-27.849035,6.5259285
-79.862785,-5.1798453
-52.060154,-20.140715
-50.49909,17.288542
-52.73986,-23.879509
-11.330496,-12.764668
-70.36571,6.7176433
-27.672773,-51.27485
-61.90082,12.036388
-54.632454,16.98039
-17.093729,2.7193577
-59.76569,10.848528
-12.793199,-51.524895
-28.858421,21.9598
-44.320557,-26.832806
-19.697502,25.33202
-21.09408,34.916157
-69.147804,-15.412819
-15.32932,-53.497826
-54.367386,18.328817
-37.13043,4.5361056
-36.9982,-47.244633
-55.12327,17.331905
-54.22775,-23.376358
-31.947563,61.61976
-80.220314,6.136164
-50.886925,3.116638
-47.973743,15.460628
-19.035957,6.260812
-28.866766,9.187407
-14.155617,-54.333458
-79.50353,4.2835503
-18.173407,-56.58191
-36.887108,-10.99116
-30.065077,-2.7693744
-35.041485,-50.231285
-48.048653,33.643333
4.126384,-49.84913
-57.72326,10.624688
-23.351526,28.402203
-46.11596,-43.825172
-28.775614,31.46318
-79.83971,5.7055936
-53.90435,-10.487686
-32.096287,41.099384
-47.052994,11.7441225
-24.742306,51.47757
-54.899834,-1.2526685
-42.572098,42.759754
-34.524055,10.363793
-34.69655,47.579185
-19.075748,-59.46471
-30.355774,-65.21833
-48.3738,53.679703
-8.291818,-9.788353
-40.203167,33.481094
-38.031036,-14.872659
-30.577139,-51.08231
-25.982615,3.635389
-49.635113,17.088734
-78.932304,-3.2503035
-47.243137,-43.652615
-59.89747,21.007065
-48.46552,48.740257
-70.52488,-4.640092
-11.080598,-13.752533
-39.04946,-61.59402
-23.841492,54.894764
-17.494566,-63.2794
-2.954779,26.258186
-46.05362,6.3161683
-34.490463,-11.73194
-58.757744,14.087862
-48.599964,-42.93648
-21.89056,7.69601
-23.804098,34.97032
-38.526024,-31.153692
-40.771965,58.335003
-52.335213,24.109262
-71.88803,-10.332912
-74.49125,-5.2406597
-45.661625,16.15223
-26.672495,-11.124766
-44.33671,-30.655876
-30.243652,-22.024359
-17.37479,34.797848
-78.8361,-13.278065
-36.32255,-19.93763
-81.082596,0.7564315
-89.73396,2.4029071
-20.90302,7.095052
-36.907696,-11.169896
-33.534363,16.295279
-37.806347,58.540348
-85.236176,7.3957043
-18.126322,8.276942
-74.64336,-1.9655519
-34.16184,3.9098132
-36.889652,-10.244997
-14.5875435,-52.568047
-39.385704,-13.30723
-15.755404,-52.691067
-36.633488,-63.9358
-15.751709,-54.847874
-16.066917,-17.360117
-16.445423,-47.172337
-28.189756,1.0732279
-22.155066,14.284398
-27.050566,30.349117
-31.353577,-32.335304
-41.454887,44.696747
-9.1206455,-9.1904745
-50.34318,32.722572
-53.772995,-5.3540606
-11.951179,-25.686195
-49.410946,-25.962334
-77.37874,7.8441334
-37.886383,-30.630053
-56.897385,15.638664
-57.60367,-7.9886336
-38.464523,33.575188
-78.53045,-13.75271
-48.305725,10.638647
-30.62335,-36.729904
-48.504047,20.948061
-43.263752,42.986305
-46.950653,56.6207
-11.896137,-61.72528
-18.049414,38.536064
-3.2279737,25.65725
-36.60214,-55.761932
-10.573869,-22.831545
-15.637332,5.765438
-19.251303,-60.14357
-45.65751,17.144499
-75.512085,-8.042388
-32.909203,-50.288277
-30.690567,-5.4362397
-23.771965,-2.0849254
-13.360239,-55.480644
-28.14907,16.880453
-29.17711,0.57804334
-16.668072,-15.340633
-47.399834,-1.4434172
-50.267384,10.471487
-43.47723,3.8915074
-21.887249,8.781449
-19.28352,-12.595887
-14.536891,-47.443188
-39.508965,18.803568
-30.506285,-23.619473
-45.33334,50.83188
-58.3838,-3.6684718
-54.705677,-21.396309
-32.524967,60.045734
-39.551598,62.550304
-73.92209,9.257456
-23.3121,29.325403
-41.94231,-3.265019
-48.04533,56.29256
-83.06993,3.2711623
-83.30129,10.323681
-25.542978,-17.101946
-17.99979,23.571465
-54.971684,-0.57243323
-35.300438,59.47341
-21.17628,7.670505
-55.93704,-11.332951
-28.881172,-52.20526
-28.576944,53.720184
-28.664986,-31.373348
-15.462666,34.704636
-31.4699,-8.620599
-47.58608,-41.762062
-33.877384,-26.236471
-62.75853,20.673714
-41.036224,-2.9908788
-81.763885,1.0655581
-45.130657,53.84113
-43.72383,58.919907
-19.588873,1.7627519
-49.12221,-2.4534397
-47.875378,-10.023998
-12.255529,11.705335
-38.647408,-30.75894
-31.774673,-34.883713
-78.685265,1.3065232
-29.19587,4.5591764
-44.47066,53.292343
-22.312319,-53.922382
-71.6807,-3.4027452
-30.568111,50.846153
-59.242596,9.782916
-41.708252,17.117674
-49.5948,32.466095
-44.72286,53.37887
-44.372116,57.363407
-51.24539,-7.5334706
-18.587809,-57.153606
-31.246096,11.549784
-36.222584,-62.14982
-83.24037,10.096065
-75.86225,-3.6254783
-72.78021,-9.135177
-18.353754,-61.39776
-87.6725,8.599747
-82.4739,3.5461893
-36.79311,-49.940235
-27.018837,5.49027
-18.42332,-53.80379
-22.39869,10.266667
-7.1464334,-47.856373
-84.09956,3.905636
-22.411047,8.081692
-14.175669,-60.642937
-37.518288,-49.79215
-30.180212,-37.83394
-34.683434,13.794191
-46.32349,54.414032
-54.472645,23.284754
-20.059122,30.372686
-45.477848,12.3204565
-20.891485,11.138206
-31.77634,8.855374
-14.787267,-17.901777
-37.66635,57.666267
-35.122868,48.716515
-55.146145,-8.51959
-35.904312,-27.58062
-34.50875,12.875479
-61.02904,7.54927
-37.672546,57.8411
-51.982613,-20.154173
-23.649685,-56.592075
-51.671543,-46.688614
-27.712719,49.62895
-53.635162,-15.060662
-18.732641,15.642198
-86.66369,2.5780938
-2.6219573,17.357334
-30.819698,-66.80407
-23.778666,-14.241681
-30.312983,-51.270397
-34.070312,-23.044386
-20.675905,-12.428105
-37.711094,-9.658632
-45.231853,19.206533
-11.754928,-17.33675
-13.099276,-7.4891467
-27.612566,-6.280271
-14.345221,-16.066832
-43.117268,53.94192
-35.59651,58.123882
-22.207584,-9.294301
-25.292368,7.8564487
-38.284836,-57.723858
-35.26355,61.77423
-48.116325,59.20249
-8.125101,-51.01394
-56.04708,-6.714139
-54.849865,-16.59706
-31.664175,1.5940541
-36.864574,32.985428
-36.47042,-60.691574
-19.56653,-50.178497
-30.869572,46.726074
-34.542362,-67.49074
-44.887978,62.663193
-35.591763,-50.160778
-18.067722,-60.341873
-21.266958,-64.9927
-36.786503,46.172874
-33.99602,-13.99208
-36.851322,45.44111
-3.0155404,16.797682
-73.410995,4.9685
-15.587712,4.263642
-15.889291,-55.2564
-18.176775,-5.7479
-10.960783,-17.743021
-56.953796,-0.42433843
-63.071182,18.184523
-33.382572,8.05167
-37.126675,11.722732
-32.331406,30.490437
-21.778948,-54.569027
-72.913246,6.654755
-8.017168,23.266699
-50.22192,13.786149
-37.48504,53.87441
-76.483,0.98956364
-21.991858,11.473137
-22.879194,-58.670357
-18.4566,2.6400383
-84.40603,-2.4481354
-48.22558,13.439756
-56.6812,8.588836
-11.148423,-56.41397
-57.661472,-1.556793
-17.13711,4.518513
-21.010471,-55.897385
-79.36039,6.8646746
-19.2141,-41.034306
-28.952532,57.243237
-57.664555,0.6986136
-50.170128,-21.304436
-41.09561,50.561962
-28.193357,9.809985
-8.867993,-14.427417
-15.253587,-13.212854
-16.810055,-52.423046
-33.9998,-33.296078
-53.710957,11.642369
-49.473743,-28.035591
-69.15042,-15.412702
-48.509975,6.827941
-81.68743,12.967157
-16.317091,-19.261324
-18.925539,-47.73602
-48.665535,16.690916
-35.375107,30.797276
-27.681038,10.113202
-31.550955,-62.249966
-42.63939,58.132233
-27.59552,10.126534
-54.73147,-17.187082
-72.02113,12.338938
-33.861958,-63.57339
-28.167942,36.45185
-48.921875,-44.278027
-28.762915,-49.080074
-59.88372,11.396347
-28.26079,33.622616
-29.17278,-62.750523
-63.537148,-0.6199116
-30.308252,-33.083965
-86.380264,-6.360368
-32.30598,-41.914387
-14.10815,-53.000362
-58.897327,7.471215
-67.95438,-9.040866
-45.66195,51.049835
-55.178444,-2.8102193
-46.896366,-20.46171
-24.738176,18.643925
-7.3657727,24.66973
-47.260822,59.99066
-25.278944,-1.1895711
-78.53465,11.483374
-81.992455,0.988793
-70.03695,-8.976286
-62.246613,19.345299
-47.552307,-42.85344
-52.59538,-6.4161105
-34.847736,11.8458395
-46.661644,-27.050886
-56.059353,-5.1147037
-53.59746,-21.894478
-21.710207,-7.5756807
-37.8258,-14.198623
-22.160982,-50.48181
-82.3654,-9.506084
-18.011492,-44.11166
-37.647106,-31.201696
-66.530556,-6.3810754
-39.163292,-11.481553
-76.81839,11.338174
-70.24143,-9.120949
-43.347553,-30.233318
-7.304885,-11.80191
-41.79848,8.173245
-14.567759,-14.485456
-31.70882,-50.828968
-29.301397,-35.09394
-15.600728,-14.025815
-32.57827,-31.39781
-26.368525,49.64157
-38.001804,-49.527477
-32.46824,30.764713
-34.44319,33.914413
-56.09094,15.0692215
-19.044878,40.189365
-34.253803,-60.153946
-21.813992,-41.801136
-52.0555,15.925448
-42.566673,50.089836
-46.589016,52.27398
-32.77008,-11.017723
-23.525055,-20.743477
-20.766865,-55.937626
-20.663904,36.285908
-75.46147,4.3547645
-67.36855,0.38012865
-12.649629,5.7096534
-49.327057,-25.429209
-56.405674,17.590855
-12.076929,-18.560373
-15.560078,-13.313959
-31.741663,-34.546597
-25.236038,-15.182121
-49.445843,-44.26712
-19.255863,13.657177
-82.66373,-4.277349
-20.135666,-50.66956
-82.788315,4.496883
-15.154223,6.626408
-60.607327,11.461625
-10.657905,-16.004803
-32.750027,-34.718903
-7.678406,-18.662619
-47.27563,-13.439226
-32.886513,47.630432
-34.826527,-36.91957
-32.806717,-7.5148654
-44.298016,14.341394
-29.723377,-35.965458
-9.973563,-11.088287
-35.81639,-44.97493
-30.122417,-33.09589
-63.304153,-9.010029
-52.42317,-12.000526
-57.224716,20.31893
-38.303127,54.828697
-52.381016,16.628485
-8.362277,-47.36324
-21.549702,13.590567
-42.56171,59.316727
-2.9773014,16.612152
-53.065414,18.923723
-43.95573,-43.485317
-15.14564,36.5409
-12.747001,0.3091727
-12.5292635,38.412853
-15.357654,1.0537647
-77.88,-11.1401415
-18.272005,-1.9315652
-76.923904,-5.236014
-23.063921,36.042953
-38.54793,-46.268475
-34.666924,47.608425
-38.844284,-47.60903
-69.22075,-11.805578
-48.061394,15.175795
-12.59727,6.1827526
-23.459827,-17.485828
-36.752132,-60.724903
-50.019627,4.391836
-66.4834,-6.2198663
-35.79803,-10.090703
-52.32972,18.996628
-1.8403363,23.530912
-29.216589,49.94051
-32.09776,-4.9308114
-49.221165,-45.854065
-42.192104,13.272379
-18.576513,-47.729908
-36.62439,-58.23572
-13.137524,-14.691655
-24.212729,-51.011288
-36.39024,64.49367
-13.2225485,-64.988365
-65.17095,-10.368668
-47.76166,-24.85351
-44.784153,-39.667587
-17.006424,-56.73868
-73.251076,-2.0426419
-34.40148,60.29627
-42.946007,51.780895
-12.256607,37.6166
-30.899511,-63.264698
-17.301327,-16.857058
-60.956932,17.625317
-72.20299,3.454525
-35.948246,-59.621292
-60.416504,-0.42018417
-17.627094,2.7094505
-7.8683405,-14.5251
-14.599721,-51.54385
-48.22413,-44.79843
-27.98203,13.187869
-18.27956,15.741723
-9.059865,-18.070778
-82.415695,7.173474
-48.348637,33.473785
-32.262486,12.458337
-62.475704,-1.8644418
-12.029066,-23.934828
-22.418081,-0.9654261
-31.030455,-62.78881
-2.1288912,26.66582
-42.9911,40.472374
-38.862965,-22.487368
-23.88702,38.265965
-33.191547,7.9133916
-84.35947,3.800953
-38.11751,9.804049
-46.717854,5.250224
-17.745352,-8.814033
-17.585995,5.5245886
-12.781883,-18.53915
-22.466618,-51.17881
-39.09787,-16.595133
-55.118362,7.467106
-34.674614,-39.04212
-15.980442,13.905929
-41.306633,64.592964
-16.281511,-45.0272
-44.411293,60.78082
-16.862196,-0.7715413
-34.005753,21.35657
-33.959846,45.425293
-36.820705,52.338432
-46.935223,17.486696
-24.107294,-5.0533705
-48.08497,5.175603
-22.643728,20.13926
-20.609411,-54.375748
-20.533985,-57.79095
-46.19335,21.382349
-40.332508,48.81197
-34.355347,-47.933716
-34.322002,-26.008474
-37.690414,-46.349586
-33.86301,45.292194
-29.261656,-36.625088
-74.1226,-13.932675
-69.11447,-11.788562
-18.821545,-60.658077
-3.05449,16.795753
-16.216497,-63.436802
-53.756725,21.422503
-18.654545,-58.73684
-47.752197,31.491247
-60.41719,-12.48446
-17.99567,0.2819622
-41.665405,17.50651
-13.698615,-54.61082
-35.680813,59.18301
-49.65192,-18.098194
-38.304535,8.870678
-20.476898,12.211721
-41.11107,49.006752
-85.89459,2.515178
-45.01955,-17.72322
-73.59657,-2.3277726
-27.293278,21.776785
-24.925215,-20.78089
-85.42201,-8.370735
-37.280987,-47.4999
-28.25566,51.938644
-30.436722,1.8958102
-57.920357,-3.915501
-3.449396,19.299519
-48.10916,-40.103924
-21.880186,11.516934
-21.305817,-19.03428
-71.084015,0.38024104
-67.15558,-15.441674
-36.518,32.315243
-44.08033,62.704185
-12.99167,-53.41478
-17.539877,15.580722
-58.902607,15.674028
-37.26159,62.637672
-17.575113,13.293875
-0.56232107,25.87962
-37.929264,52.70092
-3.3090339,25.890175
-40.906326,-39.892242
-45.629185,-37.56474
-64.951126,-11.231402
-44.250256,12.071446
-13.552774,-52.11061
-34.62481,-35.95144
-28.007158,48.560055
-73.832085,7.0011477
-43.130814,15.576235
-68.09369,0.29815856
-18.182394,-59.656822
-33.12023,49.50518
-52.34341,-12.037524
-17.984848,39.777977
-84.1309,-5.1105895
-53.358315,5.829963
-50.94413,-43.75233
-39.767056,50.113415
-46.774353,-45.120293
-10.459378,-13.353502
-9.689767,-47.820915
-70.86544,-6.5521126
-16.799366,-10.348613
-25.296188,6.1492815
-47.741863,-41.60536
-35.752693,-59.26944
-19.322096,4.961584
-87.8962,-4.835549
-31.502699,6.3248367
-15.824585,6.001937
-15.333756,-45.299168
-38.692955,-60.3468
-24.321775,-52.342014
-85.4896,5.944389
-49.8259,-26.632349
-15.35407,-58.48092
-33.97078,5.771533
-45.312557,-5.0811086
-50.463036,-26.726383
-79.82477,10.0106125
-16.111406,31.872324
-8.515124,-50.77181
-86.204506,-1.0658616
-47.665436,-39.768394
-35.99987,61.279613
-39.95866,20.237919
-55.10134,6.5736537
-37.67417,-29.382902
-73.84053,-8.96263
-60.18671,-7.7199554
-29.177881,-51.93607
-44.342842,61.498486
-52.064484,-25.251486
-14.91235,-58.183395
-30.21659,61.127655
-22.879986,15.633698
-36.039097,18.586452
-24.203379,37.35233
-44.05015,59.64143
-13.172394,7.9627233
-69.68885,-9.191941
-49.07502,-41.065475
-14.651275,-9.471262
-69.243095,-11.626262
-48.707264,-16.082907
-54.34905,20.491611
-60.991673,17.401106
-48.794777,-3.825596
-21.899473,17.879976
-48.059406,-10.005987
-54.36012,7.028775
-51.672615,-12.410021
-41.555088,48.552486
-5.1331253,-15.347652
-39.054836,-63.224094
-17.266424,37.916035
-3.492316,25.838844
-28.074778,-60.51615
20.975746,15.385268
-75.43516,-0.8382998
-60.647358,-1.8981434
-24.622438,44.19964
-54.837997,-18.607742
-48.392807,56.914955
-22.466208,-12.146399
-66.97122,6.769223
-37.979305,50.289295
-20.407467,-2.0402036
-47.908623,52.47483
-77.21825,1.0451823
-10.839513,-53.89614
-14.093188,-65.44138
-39.103657,3.2448463
-61.88706,4.3922534
-14.807361,-55.0844
-22.962973,52.92974
-53.046787,6.2587023
-15.825239,-59.97497
-23.853245,37.63105
-2.5182123,17.350222
-27.728601,-10.716499
-2.7383044,27.214834
-34.359573,-36.226162
-33.231518,48.2123
-1.6644084,24.663103
-85.63909,7.727321
-32.013,49.370594
-51.914253,-12.551487
-24.859863,12.626335
-7.405296,27.632334
-24.933414,53.17601
-43.916,8.238603
-82.12912,7.2044396
-83.963,6.162898
-17.819689,14.938668
-39.86756,-3.3534298
-10.19781,-56.82039
-26.921722,20.375116
-29.27315,-37.98847
-46.5129,3.737374
-12.037692,-6.4701514
-66.62694,-4.9915805
-59.183483,12.321186
-52.0699,-10.628895
-82.7049,-2.1227002
-27.541845,30.80007
-2.9547505,15.615871
-24.508015,-45.898533
-35.476536,-57.034462
-30.456118,2.4670064
-31.27872,-36.57918
-34.210255,-4.0688415
-60.484215,2.8623102
-46.72515,-22.600544
-51.206264,-18.597486
-26.566742,-49.175465
-86.38775,-7.389163
-28.415348,1.0258546
14.554444,18.092354
-38.665417,15.0221195
-14.3344965,5.7698684
-63.043495,9.060437
-48.88078,-8.290855
-36.775356,58.4394
-25.295586,29.82791
-16.165167,14.249065
-59.4299,8.18963
-16.05753,14.688209
-84.399574,7.9370375
-31.613274,-5.288478
-41.27394,8.042389
-40.48384,54.380787
-54.61104,21.00777
-15.159601,-42.354527
-29.205875,-45.638504
-16.312958,-40.767212
-31.781939,-65.47334
-11.371745,-0.27653232
-23.959673,7.8591743
-20.464272,14.067239
-61.844303,5.663423
-52.212776,14.675458
-34.162395,-21.883493
-49.325058,12.952627
-45.89545,16.648207
-38.613125,18.228924
-30.235613,40.484123
-32.52834,-67.767044
-78.227005,-1.6292057
-11.69307,-19.226408
-35.20691,-7.2159595
-32.390465,-22.43307
-30.711132,32.509815
-58.954506,-17.784111
-33.0952,-58.537262
-36.069363,58.867435
-22.29082,12.014373
-20.57254,-44.883675
-69.968315,-5.833557
-12.996153,-52.081352
-20.2491,0.46105596
-17.115873,-5.9543705
-12.369215,-12.5494795
-1.4635977,25.151363
-83.53417,6.7187634
-19.007048,5.0018888
-15.707172,-62.117867
-64.95989,2.6101863
-87.35154,-6.954828
-40.657913,49.75191
-15.951271,-52.15535
-32.283886,14.303237
-30.023172,-5.21156
-32.062244,-11.319283
-50.713295,-7.093569
-18.478382,26.62976
-12.571487,-14.442298
-16.253914,-55.183098
-16.038336,-11.534564
-48.870228,32.759495
-29.09211,-51.23299
-15.977301,-48.43304
-38.35784,-56.414
-25.025427,1.2207907
-17.388144,-42.853886
-18.088783,39.44702
-59.784157,13.470341
-44.610126,45.103928
-13.236842,-14.4085865
13.091142,15.859622
-45.887623,-42.126137
-9.412329,-47.1304
-35.596302,-50.27654
-40.226746,63.437252
-74.48193,0.9789616
-18.766449,29.879343
-28.970411,30.714777
-26.248114,1.1991415
-81.7469,3.061124
-18.945356,-6.608661
-49.31759,-24.321224
-14.783292,-57.217464
-15.555088,-51.85572
-35.881504,-15.113399
-37.174366,55.636627
-24.690758,-19.571157
-17.018965,-51.255703
-26.85312,-45.152622
-52.170414,-44.11565
-42.00547,-13.060455
-16.651468,4.1586227
-3.860463,28.378641
-49.46181,-26.630196
-43.669846,23.57871
-40.02215,-55.81716
-42.49636,-1.7030685
-76.866425,-3.0255098
-42.628326,-13.6600485
-62.072376,-6.603198
-81.59395,-0.9403746
-23.266754,1.014189
-34.671284,-60.226845
-3.9586554,24.885096
-19.145618,-49.721504
-60.41416,-3.9189382
-56.312912,13.48859
-20.414927,-50.43702
-9.996552,-44.063065
-51.29916,-19.402994
-13.00372,-2.5161283
-59.142117,5.6668997
-27.87899,8.1920595
-24.863533,6.728817
-37.732456,-27.945992
-14.868772,-55.06204
-11.980153,-39.095978
-81.80787,-2.9553127
-47.09247,12.785486
-26.604807,29.896296
-67.00652,6.5996704
-32.01074,8.18468
-60.826214,13.319261
-26.115868,7.698218
-13.280857,-40.44041
-39.378265,35.356846
-34.309803,39.115307
-82.17677,9.359869
-30.109787,-34.001637
-3.220903,19.018084
-15.70907,7.57628
-60.74455,-3.3253574
-25.753996,38.176144
-61.996994,-7.160555
-72.67245,-2.5918581
-35.732994,-8.082093
-26.122797,22.11428
-82.31688,6.4345784
-7.724544,27.796614
-37.914825,60.43103
-27.396725,-65.961586
-55.321247,-24.046095
-23.617752,1.9736869
-15.796773,0.23485087
-21.516937,-44.10711
-40.554134,53.45498
-37.485847,36.49807
-54.40644,15.199668
-55.755543,2.213218
-60.62781,-6.224264
-36.146168,15.513508
-29.3705,30.5129
-55.539093,21.635332
-35.821407,56.66335
-54.84252,-21.388905
-56.240223,-3.7574735
-34.427464,-65.13113
-58.067028,7.513971
-60.471115,-6.0770493
-60.378952,-8.827655
-37.12452,-7.340971
-38.273506,32.470512
-50.03922,-46.374996
-58.18692,-23.669807
-34.273804,-28.547333
18.511091,15.2093315
-38.77358,-61.05543
-28.150227,-46.094925
-44.282658,14.616264
-52.80985,-13.6101265
-78.08147,-8.06931
-20.070724,30.500278
-19.494537,-62.03835
-9.467236,-10.365616
-90.12046,-1.6602199
-36.92797,55.270554
-18.585045,13.053455
-71.40293,-9.990839
-17.330402,-60.278126
-23.381483,22.534391
-12.7814245,5.758705
-15.835507,-64.18663
-57.9885,14.722967
-13.673412,-15.083227
23.878023,14.760938
-26.58236,5.3020062
-58.617146,-20.333622
-37.48927,46.06181
-17.987392,-64.16438
-49.803352,-24.041813
19.000189,16.587618
-38.023003,58.552975
-45.23212,46.847115
-27.863464,28.902002
-37.444324,-29.45131
-16.506721,-59.836884
-25.299158,45.17643
-43.962524,14.963947
-20.541664,-46.689297
-5.1243052,23.028143
-35.64888,-3.3524864
-43.234695,42.223553
-29.814272,21.581028
-85.22652,8.486773
-36.603573,-57.83186
-16.943735,38.571033
-12.8996725,-48.651264
-35.418304,-46.5037
-45.192284,44.409626
-31.849997,-9.26548
-13.956618,-26.963064
-27.933943,-19.908287
-21.335878,-6.461833
-50.45718,-45.982788
-55.16447,20.71418
-44.86849,-41.15906
-18.055765,37.891827
-11.940016,-60.108738
-18.408611,17.297804
-31.108294,32.051476
-33.473507,-9.574491
-9.579331,-45.60898
-15.840969,36.469334
-55.9157,-20.773474
-30.108744,54.437614
-19.65422,-54.231102
-50.19788,9.875359
-33.45603,-8.301576
-17.555347,36.52084
-48.647457,-4.737936
-32.535706,-22.875246
-42.599026,64.09188
-37.692844,12.294871
-29.033287,-32.96129
-78.27129,-5.008694
-32.84483,-1.8769951
-33.450558,-67.51284
-58.985012,-0.7126603
-76.34063,-1.9060762
-46.794712,-36.737736
-57.66683,4.4172254
-80.097374,-11.52597
-13.192424,-50.25716
-31.689766,33.859787
-56.344616,-13.596421
-52.20008,-26.125914
-15.206171,35.24885
-38.314754,18.031506
-23.411497,-60.60379
-40.925346,-7.8152523
-2.230806,22.678734
-58.796417,-2.4897764
0.1729397,24.790854
-14.065076,-48.12905
-76.15396,12.992934
-21.720167,-12.760064
-41.147827,36.70921
-20.304447,13.185799
-47.509094,-22.728685
-50.41025,4.0470543
-31.414536,-36.929043
-35.323467,42.407528
-84.55965,8.990688
-31.168512,59.942028
-25.701988,46.81071
-48.79619,-5.9537673
-65.310776,-11.03293
-42.20876,59.47504
-36.982967,52.185204
-28.92297,-50.385616
-21.234377,14.992349
-19.061579,36.502754
-2.7715805,24.629128
-18.499414,16.451376
-37.27115,-8.95854
-66.51607,0.27764174
-36.117542,-11.712358
-41.27701,34.64493
-13.234757,3.0615869
-53.427174,18.703558
-43.180515,49.52497
-39.404926,-1.6563923
-17.511932,-61.17085
-47.332996,-42.47846
-73.39735,-6.692202
-30.376188,-64.10098
-54.428753,17.631762
-39.900043,52.242302
-41.6187,64.268974
-77.293976,3.219056
-33.743423,-18.909924
-25.553566,-44.655712
-32.70374,-32.926945
-34.518093,32.024155
-62.351974,10.320394
-76.64889,10.84018
-24.331396,-22.66914
-58.08949,-17.230034
-62.112446,-1.8528514
-77.2148,5.9303913
-63.229652,9.635129
-79.452515,3.345395
-24.984247,-1.2306178
-44.161335,58.973503
-43.21406,18.934345
-77.82099,11.898725
-60.48948,0.7599209
-21.0375,-5.987975
-24.84629,43.641933
-56.34983,-14.1682
-30.385641,-34.19518
-73.330826,3.4794083
-13.583066,-42.32058
-30.927422,-21.193974
-22.92541,-52.33044
-17.954985,-11.999175
-45.977585,63.650215
-33.240517,-51.010094
-59.37338,-9.93662
-32.43712,-36.242588
-50.198727,19.96932
-46.80702,9.152025
-48.172993,-48.182945
-32.314377,58.903225
-28.816933,12.202851
-43.793552,3.7358682
-53.223698,19.013182
-72.83695,7.759185
-13.806958,-59.16161
-37.976536,60.94288
-25.759968,19.707638
-52.3585,-46.02114
-54.073772,1.6123388
-29.703854,-48.007355
-8.563174,-17.374308
-22.040304,4.4252353
-28.19897,9.968344
-45.81277,61.539795
-44.990555,-9.545382
-39.441822,-13.255585
-16.2653,-21.805965
-47.650974,3.841383
-48.52416,-9.307087
-25.043503,16.129944
-43.653046,60.368908
-13.298449,-56.810654
-47.684116,-24.178583
-61.72218,-0.8445478
-29.123144,52.84485
-43.41675,19.796576
-77.84796,-3.216761
-20.01722,3.3288658
-84.153305,7.528713
-24.083162,-49.421577
-64.003586,-3.549697
-17.30451,-53.341618
-60.510216,17.299786
-37.452194,56.522835
-50.526283,-43.180275
-19.269156,15.317326
-32.13189,54.50349
-81.735664,7.461418
-21.044317,-59.912514
-62.44419,17.036745
-18.393295,-60.978123
-46.039158,-42.292248
-33.57403,-52.842426
-23.477692,31.06732
-34.23874,61.574398
-67.727425,-5.377516
-20.26406,-59.82459
-44.937748,-46.28066
-33.32314,46.54519
-49.381565,-43.290447
-32.238003,-60.653275
-14.836399,-10.567489
-21.802084,1.2230637
-13.02424,-39.572464
-22.835423,35.858025
-16.085033,37.2781
-36.542377,3.6923983
-34.12948,47.87551
-34.904697,-63.756935
-20.343744,-46.884815
-49.921616,54.230103
-53.051212,-14.78518
-18.881748,-4.051378
-7.9635677,31.006792
-43.622078,5.4607844
-68.595215,0.58018845
-49.082104,-3.1670978
-34.552982,58.5907
-36.727173,57.694828
-8.407762,23.293278
-39.49714,-1.3596565
-80.98043,10.057152
-29.46357,10.741645
-40.99009,62.004642
-55.482037,14.039325
-84.00366,0.3310568
-57.32859,-2.4558609
-38.73184,-12.842037
-10.696797,-24.037565
-38.818104,55.58947
-54.91039,-7.3912416
-26.749737,52.414394
-80.23288,0.0013591608
-29.50872,46.106762
-46.795845,-25.686478
-55.83038,-24.504045
-60.88836,-0.91855943
-28.98386,-24.82791
-31.485418,-15.327359
-14.514302,-56.1912
38.214672,-13.255418
-38.09023,-58.33214
-15.034879,-49.050373
-65.64685,8.930794
-75.82523,-5.2296643
-43.958744,-37.15656
-35.859684,0.25041378
-36.49987,-62.857533
-10.264691,-5.9113455
-22.088066,8.573318
-64.336044,5.488615
-43.52144,-16.871517
-19.886318,13.292803
-17.363138,16.373768
-58.686695,1.9517833
-27.731167,-48.29242
-77.78729,3.9676104
-22.675621,12.430703
-17.114466,-41.19852
-69.52494,1.3036181
-39.502045,32.03265
-31.078594,-36.06005
-46.982384,16.40305
-70.81109,-2.3144033
-69.94181,0.08987508
-27.277134,-40.455257
-30.95003,55.73972
-17.199593,12.800717
-16.370667,-42.242756
-33.158768,-65.28364
-85.53382,7.491129
-34.359913,-10.408189
-20.488722,-4.128268
-6.8952546,-13.210507
-12.927094,-49.24128
-49.915295,-35.131516
-89.117424,-9.368554
-62.291397,-8.341516
-32.38079,5.8155975
-32.672287,-41.95945
-37.703568,-59.075962
-34.30333,-57.235744
-51.814144,31.784786
-18.820162,-60.233982
-64.60181,-2.810167
-54.804592,22.936708
-76.59723,0.4282563
-73.33004,9.594752
-38.197964,3.008557
-12.712307,37.665447
-30.330738,-33.805264
-48.428493,-5.1913667
-22.021458,-6.936138
-84.18826,2.1310027
-45.031696,55.48765
-36.892677,-29.527653
-31.326416,-34.816452
-21.22693,-64.87641
-76.70393,10.292152
-18.166468,14.967314
-42.3062,-17.170116
-23.805841,-14.707145
-30.579607,-59.41246
-26.764868,9.458833
-3.3420253,25.738651
-33.525658,-6.4951386
-51.357628,41.816345
-24.78668,39.505123
-32.036625,-42.91459
-34.503548,39.59563
-27.095726,18.233994
-31.150652,-40.249443
-29.836067,-35.633453
-3.6080434,24.129562
-33.934822,-44.88154
-10.532804,-10.608064
-63.59721,16.884283
-68.64384,-11.704703
-18.814856,42.186176
-33.235485,31.14173
-24.136957,-57.501083
-30.035576,-52.815353
-35.609524,-44.569458
-29.64024,-33.27384
-42.913105,-31.105635
-33.982677,15.843176
-84.32963,-6.2467456
-46.1317,13.216142
-45.72016,15.274056
-43.291443,60.074665
-22.174877,3.6081
-48.127235,-5.3197975
-58.502537,0.8077874
-18.09666,-59.774086
-16.693039,4.1674843
-62.312946,-11.112971
-12.960825,-49.30513
-53.65036,-12.465401
-73.4367,10.817015
-44.625313,50.02119
-63.155674,16.105711
-57.06367,-2.9430714
-6.6577363,23.52205
-33.358612,63.227505
-60.89368,10.234064
-81.41757,11.370979
-21.496323,-5.4752693
-18.279856,-8.000362
-48.021114,48.3493
-43.433685,49.562843
-10.717821,-61.21226
-35.527454,35.321247
-59.06785,5.7546515
-34.34689,-12.233675
-52.543686,22.19633
-85.329544,6.6953287
-74.33559,-11.026405
-37.40678,-32.284485
-50.645313,-27.653608
-89.819336,2.417841
-39.93942,10.580566
-87.55272,8.5325575
-16.51183,-12.70963
-14.148766,-50.607613
-16.530981,-60.695065
-50.468258,-4.3672557
-61.95594,-6.7949696
-32.351704,-0.7560843
-41.015903,51.765865
-31.572872,50.494553
-14.46985,-59.035034
-43.425076,55.255074
-50.506714,32.978455
-61.523464,-5.166987
-76.74361,-7.7778335
-28.336798,-60.59176
-48.44755,19.325392
-59.314453,-2.611869
20.640493,15.804571
-17.73991,-49.83995
-79.556816,10.817393
-24.786617,34.913574
-75.02077,5.9360194
-31.766088,-67.52232
-19.78241,37.412853
-21.79682,2.4049747
-34.96091,49.144188
-73.17709,1.5254499
-46.071045,-43.973812
-25.535742,8.069834
-32.061512,-66.04829
-19.17589,-58.120667
-73.98351,6.8107467
-28.782764,7.9104776
-50.245975,35.03703
-14.608913,-53.400158
-76.5849,-13.920735
-39.091503,60.092926
-23.086416,19.203491
-15.494674,0.8056097
-61.69302,15.981878
-28.834093,-64.60257
-15.566886,-18.761044
-51.3543,-21.313072
-34.077374,15.870781
-75.463234,-4.689147
-14.276383,-56.280323
-31.289652,39.855446
-15.769455,2.4401703
-33.402115,-21.987526
-18.191444,34.208122
-17.115467,41.101826
-18.261116,-51.581814
-36.413322,64.40947
-31.760115,-21.730106
-20.328382,30.538124
-18.303864,10.638926
-89.462585,-10.753746
-22.004313,-51.58378
-35.83283,42.664658
-38.47539,61.288857
-22.4278,-50.99816
-27.084614,31.842533
-20.692421,29.931158
-20.740517,-13.221466
-41.792988,60.695312
-30.516653,40.456856
-26.38543,-44.75252
-53.19369,-0.9300208
-22.864298,36.02937
-47.254677,-27.314203
-33.45521,35.653057
-47.59298,63.1042
-79.83572,6.035293
-33.10262,28.182838
-27.809647,-40.089153
-12.560586,-15.089131
-40.4786,16.265017
-46.15661,61.65176
-28.833687,55.197994
-5.5504713,28.528065
-15.430245,-9.9266
-3.632894,25.60028
-40.955685,48.26861
-18.63956,-46.338974
-55.469334,-14.2134075
-69.658516,-6.607707
-12.90323,37.34226
-81.8143,1.946979
-18.663849,31.708063
-27.896461,-51.728943
-27.85894,20.729136
-18.297003,17.648607
-21.964567,-5.507211
-20.2523,-49.15117
-40.14983,-49.01018
-4.076067,20.772127
-12.568608,-16.838377
-46.816208,6.5385118
-45.551926,-17.91974
-28.871317,27.83252
-78.756615,-9.810769
-70.22165,5.9441223
-33.864746,-12.109441
-49.34274,29.159784
-67.24499,5.959028
-24.84649,-0.3753771
-59.079178,0.7494108
-30.573858,-21.812153
-31.2047,-58.581112
-32.979523,-61.07069
-16.120476,5.980931
-64.37291,-11.313073
-18.66147,-47.505413
-32.84553,58.18443
-47.478756,-1.5428529
-62.98856,13.439178
-35.855522,13.977281
-8.507539,-16.123545
-32.265003,61.78642
-79.54005,8.145722
-47.377735,-23.213007
-46.64272,18.075777
-48.304554,51.848686
-64.876076,-8.249625
-36.22628,61.139034
-47.768726,-2.3319106
-25.807957,-59.427498
-61.89809,5.602671
-82.70091,2.90304
-25.980816,-17.35022
-3.463516,27.844416
-41.74491,58.963974
-3.086899,16.550463
-55.31342,0.4497995
-32.623833,-67.93679
-18.263134,-63.1586
-36.221695,66.0463
-77.19377,-12.861076
-4.1924324,16.826431
-30.770521,-43.58753
-70.98489,4.8733478
-39.665913,-57.638306
-12.582019,-0.82526815
-83.49099,5.3352766
-37.096233,40.577496
-77.28398,-6.09947
-23.393932,22.538828
-8.583118,-13.285823
-31.642342,-4.6734357
-29.086864,52.879963
-20.642477,-57.895172
-83.02837,8.408343
-39.550213,43.45705
-17.899836,1.6281468
-73.87954,0.654685
-59.3563,18.441183
-79.099014,-1.3354936
-39.043316,-61.669815
-69.86021,7.4216685
-19.706808,-9.903102
-46.71653,-41.095394
-16.100574,-48.73171
-74.51372,-0.30811194
-41.882305,-2.4843833
-73.45504,0.4100835
-50.91154,-45.68973
-47.00181,23.191584
-12.602395,-47.444218
-19.167185,32.970768
-59.3044,11.722187
-25.265106,45.036755
-28.23946,-10.854939
-80.67058,-1.5965602
-58.76524,-17.536348
-83.71774,1.3321117
-75.63361,-0.14027847
-49.813507,-25.332752
-24.22439,-5.252653
-54.721863,-5.6682954
-48.28178,-47.56324
-10.2841015,-9.186136
-41.796818,49.612568
-36.68837,-39.169632
-31.403664,-1.0698261
-9.655316,-11.15786
-56.16549,22.26106
-43.35187,1.5161418
-22.611351,-0.013163651
-16.927935,4.3509364
-52.772717,-3.8334522
-29.52383,43.115593
-77.57152,11.528058
-35.265697,-65.37892
-70.070694,-3.9258401
-41.914364,-12.627505
-82.206436,-9.419315
-31.968306,-63.855175
-0.26783237,23.526735
-34.95226,-43.843323
-23.199064,52.997875
-15.521641,-64.061356
-25.6266,44.854984
-31.047289,-57.957886
-19.771423,-11.654551
-77.33932,-4.0553803
-32.47528,41.156654
-72.079216,-7.0044155
-36.391106,20.010815
-27.152042,-7.0671663
-14.482604,-17.645025
-9.642729,-47.331066
-75.39166,12.777965
-57.71546,-8.202912
-22.625498,9.070137
-40.932175,-13.247798
-70.690025,0.53257746
-49.242382,3.0722196
-60.54853,0.19746809
-44.203064,-22.392458
-72.80148,-10.596892
-30.960615,-44.165348
-52.976906,-2.616882
-2.5089943,25.339926
-31.611002,18.215265
-45.47979,-41.226883
-38.349007,39.227264
-71.68426,-13.416885
-15.887364,36.781322
-57.165997,-13.223371
-12.93403,-14.48155
-23.01286,-17.525068
-20.123432,-52.160294
-31.611095,-58.636673
-18.54288,-52.09465
-88.216705,-6.1383038
-23.837063,-53.206005
16.909822,14.882281
-28.09507,-47.802204
-18.960468,14.513387
-45.56286,55.857384
-17.446835,15.080216
-72.5841,4.85612
-15.093767,-57.921642
-12.156353,-44.933197
-12.527852,-53.33707
-24.689005,7.984489
-61.666786,1.8422194
-2.2284775,24.430592
-41.866367,56.07771
-37.902954,32.937576
-48.86601,-46.445496
-13.00432,-60.43569
-84.99535,9.0514965
-62.994904,-12.080605
-22.674839,33.83889
-19.160885,8.877274
-33.58413,48.039875
-33.208984,-64.51759
-56.016792,-15.332747
-15.0848,-14.363433
-77.59838,-7.7488594
-2.3323703,28.35808
-7.544923,-9.376087
-55.187954,11.24121
-4.502112,17.22257
-5.8116555,26.474985
-34.691616,60.346107
-32.29044,-54.112
-79.73016,-14.225985
-80.71645,-0.015262805
-23.61441,-57.004673
-51.404797,-25.282644
-13.245549,-6.370486
-17.065828,-47.521294
-70.37831,6.4785275
-49.7824,-39.66342
-17.568184,-63.02879
-76.49385,9.457953
-83.306015,-3.5078442
-29.849573,-61.83077
-28.703491,-23.478703
-19.534348,33.43584
-17.92457,3.6374524
-66.96855,-15.441849
-19.268215,2.7287326
-9.33411,-51.410023
-84.41198,-1.9381189
-4.1361904,16.779934
-34.191402,-44.727108
-10.139257,-22.322062
-73.30386,0.796477
-48.296906,5.325207
-34.801514,-66.6023
-31.380455,57.397152
-84.637634,9.539227
-17.463263,-13.451919
-38.676636,58.041912
-27.023169,-54.891064
-47.006466,-14.215514
-11.484368,4.137137
-83.48632,12.238919
-30.002052,9.19761
-31.73289,-51.400616
-16.006754,35.23364
-17.26224,-15.7889385
-83.149765,8.589233
-13.813853,-53.79064
-34.767147,32.922153
-30.257627,-23.86182
-28.059528,-40.12649
-80.78975,11.387345
-15.70537,-50.481472
-49.441097,-7.7134104
-47.916218,-40.4508
-21.709766,-6.539135
-38.131756,-29.997963
-52.95644,-13.294018
-72.67661,-0.24264418
-24.317783,36.11377
-78.883095,8.233714
-17.97401,0.9555708
-29.596926,54.56755
-25.00793,8.063039
-57.00518,-13.721421
-15.294324,-57.58253
-2.1338856,26.089857
-43.5148,49.135506
-63.30954,-12.219272
-50.18944,-43.562614
-10.048581,-23.06364
-38.546192,-13.790934
-71.66954,12.38947
-38.757694,-57.033512
-60.800392,5.8661375
-48.427532,11.725579
-66.64836,-12.356404
-40.095016,35.05596
-32.087536,-21.197569
-52.146736,18.109411
-65.816025,-6.4441056
-21.032572,5.3736963
-25.372196,-44.888157
-49.26447,12.719296
-50.552803,-12.166956
-60.9474,-11.812535
-63.817406,-14.276129
-49.650112,-47.3984
-45.880756,4.8392386
-22.853168,34.822742
-23.495121,28.826605
-69.64357,-5.2883725
-21.72311,-54.09359
-22.520203,1.8558086
-34.186077,-2.759445
-38.991676,33.800823
-66.68511,4.340624
-50.39818,36.240498
-51.136246,32.891117
-88.25864,-9.53471
-28.68947,-50.160347
-49.42926,-43.12652
-78.48172,2.5517116
-27.36589,-31.856487
-43.400143,-43.32646
-56.107094,-3.4328856
-41.08126,-13.897049
-39.707508,-45.569344
-10.394577,-22.5308
-20.06106,31.013977
-35.7468,-43.877647
-18.914917,-54.80618
-57.272697,-5.5170584
-15.019824,0.13641469
-26.943209,52.018875
-21.227514,-64.57047
-45.199245,5.064711
-3.367297,24.419254
-46.175285,-4.18113
-29.316225,-51.822567
-39.45772,63.806873
-14.932427,-44.357746
-24.945606,10.27733
-33.78926,-63.343502
-13.087189,-18.12533
-48.057568,56.419884
-46.9442,44.853725
-83.48569,7.6797166
-2.9380388,23.249113
-40.621223,-13.9581
-41.220615,63.998386
-71.00408,0.8520438
-23.671865,53.55342
-20.109022,33.046528
-82.96122,3.7076137
-33.569107,51.393116
-23.648802,-16.19628
-14.810394,-48.573383
-54.52024,8.952654
-48.16185,10.028864
-53.305866,19.475292
-12.852427,-10.977351
-2.210622,24.248158
-50.592823,-42.322113
-11.417205,-46.413006
-46.03418,-37.016155
-33.081078,15.001687
-68.62399,1.2438506
-16.807676,14.12254
-30.369991,31.655352
-16.146217,-6.6073565
-35.362476,-56.159897
-29.99877,-45.69593
-18.662891,35.51404
-21.62849,-0.7129889
-32.756077,39.515945
-36.987675,64.67616
-54.781937,18.61281
-76.76577,-9.095915
-24.984297,-6.3757095
-24.28665,9.427395
-66.53927,-13.671893
-47.093475,-24.899666
-37.331966,59.00316
-11.348342,1.4394753
-49.999596,21.93787
-25.877647,55.05968
-27.482466,49.93184
-16.850847,-53.586662
-1.9413056,24.815392
-16.584455,6.67836
-67.24768,-9.015178
-49.303238,56.702354
-29.497992,-0.15195829
-23.453571,-42.343945
-69.29243,-4.802331
-48.45041,21.078968
-35.75991,13.109793
-76.773735,0.4774484
-18.199615,-5.7038474
-11.642181,-7.681696
-41.536007,51.52689
-26.645174,52.561184
-31.889496,-35.35527
-66.126945,3.4219384
-48.995747,-16.272371
-24.196245,-2.3184369
-62.65034,0.9430918
-39.92953,17.415277
-34.941154,-39.01287
-42.016537,-12.906141
-30.118666,-22.317846
-56.52238,6.4682617
-36.501778,-15.131584
-49.00635,17.379816
-9.043986,-47.055702
-80.232,-3.7917898
-33.679874,-10.200129
-50.129375,4.7143884
-63.067093,16.84926
-23.211489,25.378473
-15.855456,-14.063927
-14.575417,-47.545326
-37.682446,-31.0462
-30.064138,-68.843666
-35.722416,55.96774
-22.788769,-51.98319
-49.14328,11.576067
-36.245335,-11.547001
-27.21837,-53.87215
-35.268635,30.554464
-16.361908,-7.6327777
-37.75201,55.286842
-34.520912,-47.80809
-48.20207,9.879401
-23.25717,-16.418837
-67.45265,-5.676024
-0.9527357,23.033566
-49.927063,-24.76701
-39.82712,53.021904
-29.979223,0.37582105
-30.130098,-68.80345
-24.225637,7.7553024
-48.214626,-39.80795
-25.6328,-8.98644
-65.0164,-3.3144164
-54.375362,23.223038
-44.28108,47.15952
-43.103127,43.227825
-57.804077,-13.946064
-2.9067094,18.551968
-21.297201,1.1391307
-10.908231,-13.393454
-7.662394,-12.662717
-34.736324,-50.27017
-51.910946,-23.914948
-21.8345,37.593746
-19.42381,-35.374905
-18.94558,-12.12796
-61.05752,17.483084
-24.06127,20.742546
-4.9088454,25.751575
-37.974625,-47.131783
-65.458755,-3.7816894
-21.096737,-59.297516
-58.917336,18.489222
-35.112644,58.68193
-18.256863,-56.47313
-50.59757,17.092232
-13.446417,-56.38259
-54.4248,-23.989292
-40.07539,34.74434
-35.7104,58.70389
-25.196,53.614727
-60.77038,8.071996
-57.10463,-7.29005
-8.133869,-14.173712
-41.70259,48.51196
-46.78315,14.863356
-72.30822,5.3397636
-21.200891,15.18816
-31.61368,21.275185
-42.29124,-43.41909
-21.157024,32.062725
-34.072502,-60.409557
-74.435844,1.0828606
-43.00749,49.01225
-85.76621,-8.4723215
-78.1582,10.836648
-28.965363,-48.13564
-20.43208,29.198717
-10.518166,-23.079851
-40.07311,-57.19163
-53.63831,11.455977
-44.46098,-23.159704
-28.569178,-34.399143
-11.313322,26.620712
-22.749815,-13.228299
-65.78215,1.6628197
-32.71884,-1.5864879
-50.48046,12.866087
-58.223087,-3.9359827
-49.94672,21.082388
-32.426346,12.344055
-19.47669,8.190324
-19.644121,-13.646341
-36.519806,37.86978
-9.695973,-17.842785
-42.490845,48.907215
-33.29793,12.504272
-38.92205,61.290848
-38.69756,32.484097
-52.10283,-18.676813
-75.61861,-3.4028747
-53.88917,-12.32968
-34.133137,-65.86824
-49.24126,19.881542
-25.543514,36.84386
-16.993591,-6.951655
-32.03757,4.446955
-38.916824,-12.703578
-11.716506,-53.55643
-5.8804607,25.260939
-19.381018,0.14867991
-65.16477,1.3864567
-37.636974,30.468815
-21.445944,-4.4686856
-34.52037,-36.504974
-42.893265,52.62058
-50.28359,-10.50613
-13.59064,-59.77097
-22.217798,36.041897
-34.357006,-68.76298
-49.79419,-39.664318
-26.628548,20.775537
-86.90401,-6.4963694
-49.490932,-20.594767
-32.11367,17.02329
-36.35914,64.14451
-34.365242,-11.897179
-16.853315,32.789375
-41.963852,4.2955985
-55.987732,-1.496577
-16.510273,-50.31178
-43.18937,42.532555
-16.810764,-12.525878
-27.34206,-15.904427
-73.31844,-7.793864
-29.403107,30.191776
-30.85702,-32.172054
-8.324676,-14.571192
-15.41697,15.639476
-29.089006,-32.943985
-10.296972,-21.724043
-16.702896,29.828133
-24.182308,-51.9293
-78.2539,11.342345
-73.03311,-10.643134
-28.292982,31.130735
-23.306452,-54.49789
-30.754782,-19.87027
-79.17225,-1.6619829
-32.107285,61.651768
-32.157516,-23.920273
-73.455414,-24.593546
-28.009525,-40.09773
-67.936874,-8.928607
-31.276276,30.136326
-43.605614,62.238335
-33.323647,-16.232018
-23.516407,17.241196
-63.916298,-2.026472
-51.36167,10.592628
-31.524733,-51.718407
-78.89932,-12.44489
-32.37834,-50.52838
-27.784317,48.85649
-21.203985,1.8335562
-27.49245,34.477547
-52.821877,-22.212078
-36.322876,56.625957
-52.351074,15.303319
-32.791965,47.545906
-51.17218,-17.877235
-20.717127,-59.603962
-70.66657,2.2152817
-16.026608,6.5514374
-20.15285,37.00876
-50.75855,-43.345295
-22.123814,18.087109
-21.574781,19.626255
-11.140761,-8.655419
-60.441498,-12.403624
-17.746748,-49.489117
-53.201595,31.886522
-62.265766,19.48564
-23.514776,7.0225477
-37.592247,33.990173
-90.15907,-1.7057141
-54.639797,17.198475
-17.066334,-54.2666
-47.175926,54.606174
-19.220644,40.30381
-30.946583,-32.469154
-34.25594,-22.534397
-85.082214,5.2733917
-84.591194,6.9843497
-79.31986,9.299993
-36.04377,-55.789898
-25.717209,-47.284496
-71.256134,-8.527295
-27.175945,50.254776
-67.32838,-1.6315641
-58.940697,15.902021
-38.275295,9.054272
-75.620316,-4.887932
-16.152216,-60.338284
-30.661823,-62.44453
-11.129073,-40.60079
-20.188545,-42.84248
-12.790787,-58.483257
-35.47578,-38.359238
-28.424297,-23.487436
-54.028023,-4.0082746
-68.69181,-8.479542
-74.03692,13.334925
-87.901535,-6.750514
-46.331234,41.763275
-37.250534,-53.771427
-31.61758,42.03984
-44.48559,5.195848
-47.866848,-40.42021
-60.10505,0.97004235
-43.21585,42.341778
-33.31909,-30.236067
-19.279058,-39.418488
-6.027375,27.505894
-12.638913,-5.0560064
-53.93465,-24.217636
-16.140759,-2.425684
-77.51265,-6.4815984
-33.318745,-13.567585
-72.7885,7.805457
-37.95198,-56.119873
-66.238556,15.588455
-59.635235,-1.453544
-19.851734,-39.114666
-66.78377,-10.823672
-47.974297,47.22008
-45.106876,55.528988
-52.02998,31.860453
-16.597546,6.659328
-43.275898,51.314873
-34.016747,6.5714
-15.558172,37.78717
-38.81266,-48.461155
-8.25906,27.491268
-33.13655,51.041176
-55.39455,-22.999462
-77.175545,-4.2668886
-20.09484,-50.233677
-8.939766,-11.820993
-26.763374,50.229908
-46.844116,57.386543
-20.825579,-5.7454343
-13.1410265,-56.980328
-37.107613,32.755
-28.684772,8.492628
-33.58126,-21.515942
-15.437418,-62.37273
-22.26665,20.214909
-29.151686,-52.00206
-78.37042,-13.833507
-34.64282,-63.670822
-14.20254,4.0247006
-12.059343,-8.596606
-41.96938,57.44287
-47.450138,58.448685
-86.662506,-7.276257
-18.085606,9.528094
-30.45276,-54.153988
-18.40921,36.740208
-23.309546,-50.568592
-27.716026,6.549916
16.872078,14.757866
-51.743103,-13.329464
-36.11343,11.669567
-20.62584,31.406359
-84.86367,-7.355289
-38.49037,-6.3796697
-82.6625,-2.0487118
-22.102684,-50.248577
-22.493711,-60.132626
-31.702608,-62.10635
-38.204014,10.713436
-35.252728,-7.3435726
-20.073456,30.859873
-42.59807,7.614091
-13.242591,-9.574358
-50.873722,-16.262102
-24.140783,36.158558
-31.39612,-64.79651
-45.226265,59.897102
-63.92803,4.422975
-38.937065,-43.61936
-19.64679,38.707703
-78.4105,-3.8544915
-48.008408,33.734375
-70.723755,2.4522376
-25.32015,54.496094
-83.63102,-9.767376
-29.140644,22.90624
-5.059956,-15.3755045
-33.71216,-2.4915583
-54.394726,-11.116906
-60.354126,17.628382
-8.96339,-50.891552
-44.9947,57.514816
-28.747124,-45.564457
-45.042492,-24.97134
-34.99903,-35.29691
-24.857162,-41.812004
-31.103931,-54.495895
-16.247307,8.490379
-52.920483,-3.77967
-4.5245214,23.9428
-43.84465,63.777508
-15.661532,35.576645
-55.11265,-2.8814976
-77.94238,-1.5211567
-6.4724746,-17.896513
-26.21345,11.003198
-35.19725,61.077003
-64.424675,15.01115
-15.333523,-2.6378024
-6.9094925,21.188164
-21.813276,-49.94954
-13.796271,-52.92168
-74.57333,-5.445055
-82.59237,9.079668
-55.100365,-6.18051
-38.853893,58.4215
-38.059654,-36.02869
-23.782955,33.837284
-55.46194,-11.255625
-40.39593,35.570084
-41.91811,-16.234303
-46.080463,-40.345207
-31.137264,-37.126
-49.46848,-20.294945
-30.508293,56.61425
-40.077686,15.235502
-19.452053,36.744263
-24.5392,9.903594
-83.38186,5.834096
-27.652119,34.529915
-47.586636,46.75461
-37.581215,66.78785
-21.562162,-57.69098
-60.70223,12.526041
-12.412011,-41.616962
-41.026707,-7.437342
-31.030743,41.800003
-14.150651,0.049938615
-28.907768,-35.103897
-38.75601,15.024831
-39.67942,44.624966
-20.408175,15.822195
-15.665871,-45.503223
-16.37605,-58.688713
-55.739502,21.641573
-44.500816,45.536083
-59.779778,11.853101
-37.611794,-56.25389
-47.09652,12.522687
-19.769125,-57.481487
-38.743965,-55.312305
-32.062508,49.618
-24.214949,-22.730162
-31.052067,32.536316
-73.060356,-3.6156301
-39.32967,34.791924
-75.62151,-9.781154
-20.169436,-44.871716
-42.382786,57.636406
-22.65041,40.058887
-20.428902,-60.53227
-17.635332,34.56048
-50.279705,19.66147
-80.52857,3.833559
-18.1106,-46.11556
-5.591968,23.049093
-20.626251,11.335864
-20.784101,-56.16789
-6.795257,21.300962
-30.98122,-23.47619
-46.68852,1.2256858
-18.42059,-11.331703
-13.199389,-2.4909358
-40.57024,59.79287
-60.28736,0.28144515
-18.68044,-55.238327
-47.394043,-42.499058
-60.907104,10.036991
-81.42541,-1.8203322
-25.512527,35.067936
-39.43599,65.85275
-31.878193,33.9451
-59.78542,-3.0423214
-84.28466,7.428705
-56.153267,-14.7806015
-51.104786,19.370098
-72.66461,-6.7140603
-36.174686,-27.409893
-53.66179,2.6088328
-13.872309,-14.214711
-41.325844,1.0422308
-14.260137,-0.092780285
-14.914627,-2.393472
-55.967655,-0.38092977
-17.644192,5.289818
-69.69914,10.547663
-29.756853,-19.406042
-49.117252,-46.95612
-78.89233,-12.684807
-49.93007,-35.040318
-36.245644,53.529922
-42.005497,-13.060297
-88.4862,5.345641
-12.2332735,-15.857534
-86.50388,-7.614824
-30.664795,-59.361233
-37.25909,32.228756
-6.413168,25.998999
-85.04055,4.179918
-51.814404,33.575108
-53.175552,16.311096
-29.277649,48.745445
-81.74271,5.9678783
-30.581718,2.3294454
-31.71795,-22.365803
-44.457077,62.421413
-42.077427,-8.737659
-51.286343,-13.815201
-30.516573,-50.69066
-33.776955,9.703031
-38.205112,11.317161
-8.981143,-13.833499
-56.295242,22.728886
-26.191223,38.11719
-48.696785,59.437523
-90.29958,-1.5863233
-61.772587,16.249922
-59.896736,4.2286787
-2.5791364,21.629166
-26.177088,-14.408678
-39.475323,-31.066471
-46.836063,22.727667
-34.696415,-42.93891
-20.521189,5.328157
-16.39015,-10.359118
-29.6982,-55.57504
-22.04695,-62.10662
-32.726048,-63.91952
-23.446678,34.249027
-12.013806,-14.684453
-49.725624,-14.557859
-49.0115,7.09661
-69.834274,-2.2512455
-51.862934,4.180606
-86.26278,-6.362595
-57.643993,10.63241
-23.434067,-54.677128
-32.30093,47.350563
-70.964005,-0.33507723
-33.410427,-35.30738
-75.67744,2.675868
-13.990222,-42.31119
-21.898949,-61.885094
-38.801777,-61.547695
-27.47947,6.920675
-16.23443,-51.75477
-35.58325,-36.25986
-56.18587,19.613028
-71.00471,-10.235635
-36.26807,9.614888
-2.8134987,17.574492
-33.054565,-56.646503
-79.15079,-6.238245
-20.384314,38.064453
-3.9745605,20.843801
-13.70782,-60.67376
-22.55119,-17.409727
-62.318573,-8.091182
-65.11053,-12.907443
-45.01679,53.482246
-30.188435,45.84106
-29.67332,-22.832668
-19.026907,-12.39083
-19.450825,25.63223
-49.266735,26.60136
-55.457813,13.98937
-52.60806,18.692205
-44.171505,44.66294
-44.50638,60.11312
-24.074013,1.7673118
15.437806,16.077055
-33.94657,-40.167137
-56.13261,-4.344633
-59.543427,17.568794
-17.102774,-59.628876
-20.277231,9.438119
-16.313269,-8.671139
-38.81991,-57.228786
-18.81298,-56.110035
-55.638214,-3.9448168
-49.264324,14.715968
-43.54666,62.087364
-19.865553,29.561872
-9.430264,-55.235874
-41.979237,-42.66564
-55.09075,7.728165
-12.079555,38.71718
-71.65604,-1.9284487
-37.817806,52.773144
-32.128128,-33.59181
-46.060486,-3.5184307
-24.312782,0.41530493
-38.24763,32.853683
-15.249583,-50.52777
-45.87583,-45.5412
-18.994108,26.887295
15.410723,16.074724
-43.565014,-30.376272
-20.517593,-2.715348
-48.917366,19.262314
-15.07879,34.430428
-17.400421,-59.2672
-32.7201,38.752804
-3.263463,17.692167
-14.467681,-8.720388
-80.170555,-6.3414197
-77.176315,-13.848666
-17.592323,34.33715
-11.970927,-25.581762
-21.941273,-6.589001
-12.274978,11.651807
-37.048508,-47.329727
-37.941257,-11.977696
-15.878831,36.977104
-11.999351,-38.361706
-32.944355,-22.629961
-38.13745,-14.725648
-21.666534,-19.392935
-46.715946,-25.096073
-62.15127,-11.901637
-44.101173,50.260143
-22.529037,-15.059437
-17.510262,-15.8626375
-27.7526,34.428085
-40.40623,48.776196
-28.337364,54.660828
-55.611855,-1.7468954
-24.720568,13.597366
-42.227478,-43.635574
-19.264444,-6.82303
-37.586384,36.4539
-54.47921,-19.899519
-18.089102,12.950807
-34.94815,55.378662
-29.853205,-35.24728
-36.771675,13.806703
-45.472626,50.701736
-33.17363,12.858661
-13.137015,-12.66041
-26.33734,-56.20606
-50.622,14.60823
-41.100163,60.00981
-31.969799,-52.161106
-27.926329,7.9065156
-48.005753,6.1733465
-21.362951,-50.895123
-16.06503,-6.9740725
-74.47052,-3.9732733
-46.385193,-24.00677
-51.495266,21.669907
-38.588287,-49.728046
-31.05398,-31.739355
-58.28322,-13.996105
-73.955986,-16.357056
-17.56117,33.169163
-17.86517,7.747058
-75.00435,-7.6619177
-35.64011,-3.4686604
-18.953094,18.757528
-30.484886,-4.886251
-18.880075,-10.367315
-49.754044,-22.562643
-36.091717,-9.833026
-29.677639,-0.15748173
-82.598366,3.9522305
-16.492687,-55.296608
-35.696217,-31.094877
-23.547264,6.970298
-84.33648,2.7450936
-26.70433,28.193958
-40.157837,55.952362
-28.18186,-39.807884
-53.31124,-11.971266
-73.0055,-8.943168
-2.2779717,17.715199
-39.441517,-46.594437
-31.527199,-50.76564
-68.22212,-3.2456868
-23.168434,4.4630904
-56.839195,14.714189
-20.167837,-8.033557
-27.128805,-50.989574
-16.831347,30.797495
-22.06862,0.78864974
-42.899845,66.20143
-43.080883,41.1957
-10.235214,-5.8197002
-47.44078,12.441204
-26.632692,30.85391
-49.265335,27.431967
-49.422535,30.711042
-37.069275,-9.203643
-36.7654,40.671925
14.751704,18.40084
-25.434404,54.185734
-10.61919,-10.878517
-20.500452,-50.258766
-51.41544,17.242903
-39.043705,-47.23312
-61.816555,-17.649998
-60.391296,-0.012533126
-15.351395,-52.73944
-12.31263,4.5005717
-63.143547,-4.640335
-81.99941,10.312895
-89.22102,-1.8008164
-38.92054,-3.079572
-46.30681,58.094494
-2.6873548,24.61866
-58.55162,-0.9094951
-33.474953,-53.152668
-43.885303,63.96264
-38.675632,56.66265
-37.32469,57.43812
-48.24581,-1.2188342
-37.709545,31.786533
-10.397048,-51.115246
-17.847172,11.177865
-13.1881,-65.0386
-85.32593,9.583622
-26.8524,-21.554216
-26.895517,-0.98060954
-1.251771,26.400179
-5.4332395,-18.531723
-58.013073,-4.5539446
-50.616222,22.84331
-27.179834,-33.420185
-68.8548,12.0158205
-38.567947,-56.141174
-38.72856,-27.537924
-19.805208,17.217743
-44.52874,48.55794
-45.459618,63.357185
-15.7476,-55.640865
-43.81345,10.160251
-63.072746,11.431708
-10.923854,-52.51721
-30.718239,-23.026701
-37.739254,-25.783741
-37.602283,60.25984
-16.267622,-59.543728
-24.634834,-48.051342
-48.49319,6.62948
-47.98815,-43.987404
-43.45073,50.46285
-45.899326,-37.16468
-49.048523,-45.896816
-73.46566,-24.580637
-26.80696,46.9577
-43.53044,23.459898
-34.207115,-27.374178
-29.767094,-49.395306
-18.231348,14.541185
-60.53792,4.9038143
-76.05138,10.0726385
-59.197933,-9.899909
-28.47669,27.811949
-21.20966,-12.847019
-36.39789,46.84525
-87.28336,-5.08298
-21.860207,-49.469402
-16.871769,-9.664145
-12.228183,-51.212994
-34.60989,-58.475647
-26.504456,15.790275
-78.74813,6.4025564
-30.838709,46.878155
-34.12996,32.838314
-70.340836,-10.070521
-16.539537,-47.924217
-79.746254,9.511211
-58.03941,-1.3913183
-27.275291,-18.601366
-57.585377,17.590717
-42.650295,51.132683
-29.589485,-55.770863
-18.653267,-58.54108
-44.15807,47.562855
-18.514606,-19.102814
-30.99634,-33.94682
-11.08918,-44.56901
-25.404564,-51.849983
-37.492092,-32.698257
-24.396454,-6.0616803
-12.70779,-2.4792588
-31.880201,-39.07689
-78.60341,-5.983965
-15.590027,3.895698
-34.922714,58.775333
-19.87205,11.721019
-25.495138,-53.217163
-40.852833,-42.83401
-69.62059,-6.8653946
-22.09768,-9.408188
-39.937096,52.205383
-15.6255045,-45.621185
-26.537762,48.45276
-85.663536,2.9813545
-74.95758,4.685683
-18.702738,5.019743
-69.026184,2.0281415
-51.31466,-25.472473
-54.408287,-9.427531
-57.20029,-21.160906
-16.26382,6.7856884
-44.707314,45.429836
-60.91167,7.558004
-22.144175,32.415012
-24.765703,12.133509
-52.759895,9.057761
-25.89136,0.35731944
-16.896471,-56.223797
-13.697752,-20.738045
-33.438725,10.343173
-11.886973,-56.818684
-38.765263,33.325806
-12.095048,37.79661
-20.19683,35.94904
-39.45301,65.96016
-28.754217,-58.109932
-19.849842,-1.5548548
-72.56624,-1.4679519
-38.23162,19.543896
-44.271564,-16.881123
-41.876225,53.5333
-58.066948,7.468385
-48.004658,56.385117
-41.63092,50.554577
-45.74103,2.424726
-14.157716,-62.855354
-18.854895,36.08507
-41.336166,48.46501
-39.342655,-0.91853327
16.193966,14.500837
-47.88952,51.1733
-25.047613,-43.77642
-30.53366,-36.43427
-13.116823,-19.718504
-9.898621,-15.260808
-87.45795,-8.273666
-61.262913,-0.7254584
-12.507905,-2.2601166
-32.26916,55.72417
-43.72751,60.76337
-13.4180765,-14.290318
-27.934216,20.808332
-13.822341,-47.09249
-17.200542,-16.137886
-29.026222,29.118635
-27.686016,-52.452347
-15.860017,-43.037384
19.739553,16.392752
-9.284459,-11.778324
-56.439156,-16.635147
-27.679438,-23.794044
-7.9444613,-53.19995
-71.57653,-5.899174
-20.348562,-46.787067
-11.882335,38.008965
-15.523644,-53.77556
-76.28089,-6.219788
-31.741001,30.453018
-21.393726,1.0466726
-57.326088,1.7802541
-30.686619,-9.428047
-37.755817,-30.019934
-17.162966,34.27539
-44.426857,62.514496
-11.767993,-6.5263023
-85.42703,-0.7145604
-34.455452,-22.985525
-43.593884,43.806007
-85.831474,8.11066
-20.439655,-60.661427
-10.909894,1.0393838
-48.992374,13.075501
-48.3467,1.0896953
-53.99096,-9.514073
-36.827133,-7.4030414
-14.480407,-36.812828
-30.172127,-22.91385
-82.44577,8.036451
-46.10184,16.17941
-15.808317,-59.2346
-74.56868,-1.9777269
-32.499832,13.614996
-50.60712,-23.721544
-40.158154,-8.437239
-34.10192,-14.040969
-24.209507,-16.737951
-31.169296,-50.910236
-44.31696,48.406277
-7.340816,24.766573
-51.348484,32.37925
-68.3459,-1.0979664
-56.31507,-18.686457
-30.39155,43.051716
-36.85857,65.96563
-71.46777,-10.110349
-47.482777,14.891363
-71.08442,-6.2163115
-16.762058,-9.641633
-45.945606,21.189228
-17.005817,-61.322998
-76.79464,-9.02136
-12.215732,0.050278027
-37.295547,57.624554
-42.31892,49.556293
-8.266906,-17.471457
-28.264984,6.433463
-14.732099,-64.18789
-32.157085,5.7768264
-72.32319,0.9483917
-38.638653,-63.2581
-30.147661,-51.54697
-29.851364,-23.598637
-51.95272,-23.334795
-42.822685,-0.34732974
-28.700712,-60.828114
-86.05435,-8.249503
-39.132763,59.963573
-42.554417,60.36015
-34.94452,-31.092615
-30.52402,30.044004
-55.252003,-23.2576
-56.603226,15.895884
-52.649136,-45.487972
-51.80112,-44.601727
-21.572306,9.219936
-24.90145,46.246662
-52.51951,-41.544987
-14.267272,-45.743748
-26.407045,-14.496188
-35.071297,5.4208117
-41.59351,50.90957
-14.941153,3.1765146
-16.051933,-56.888145
-48.739788,16.913301
-36.691216,-32.706112
-79.145546,6.5511556
-37.526684,-8.539484
-55.310314,13.972824
-50.51888,-25.006676
-15.804109,7.402413
-55.958378,-18.679373
-11.3155775,-45.35048
-29.3267,48.80056
-43.24986,43.478493
-18.295008,1.0448664
-28.221027,7.443369
-43.678604,-17.556076
-10.365045,-53.7907
-10.471568,-10.749463
-82.487206,10.705483
-52.53355,2.891824
-41.676643,55.836983
-11.748276,-42.10449
-12.328825,-6.6597004
-66.8555,-3.503641
-29.477432,29.96651
-64.67438,-13.180415
-15.339909,38.52069
-48.503094,-20.774323
-15.594995,-61.245888
-35.542217,-15.618949
-41.152184,60.34655
-45.07304,49.60376
-53.09987,-11.296291
-75.50765,2.3152323
-41.782845,10.669982
-50.44625,9.600769
-40.867,45.96752
-14.161187,-40.90675
-36.373966,8.357327
-86.373795,-0.32353252
-71.401634,-4.842168
-45.376476,54.93816
-38.343605,-54.797062
-29.646353,4.5322666
-33.151672,-37.536816
-76.70472,-4.300365
-4.0936904,16.956667
-35.219395,58.012466
-29.98442,31.537071
-42.713707,60.273983
-20.411987,-60.963997
-36.942364,-56.224167
-27.223722,16.78001
-87.02304,5.557027
-20.50097,0.98898935
-77.83022,4.150605
-8.314603,-7.747035
-19.232975,-57.062096
-48.19954,-18.97259
-34.39638,-3.8656094
-40.348694,13.125937
-45.28244,46.8366
-13.589361,-50.402046
-19.649944,33.624943
-79.59209,-4.6537914
-19.341251,29.631714
-30.087708,52.67986
-38.46106,-55.683006
-36.364674,14.893265
-20.334139,-52.358932
-33.608765,-2.2178397
-34.845837,32.998486
-35.602406,-12.546608
-44.868237,15.397302
-13.969725,-52.30931
-44.637177,-26.865099
-43.268127,57.97712
-39.025387,47.406494
-32.65901,-32.223682
-26.774439,-55.678566
-8.987361,-14.025645
-17.422499,-10.885273
-19.486752,-55.470306
-45.955353,57.24494
-8.535839,-17.689966
-39.11222,6.0804453
-75.10443,-12.700289
14.999103,18.83844
-37.602493,17.255
-18.484932,32.880775
-61.33556,18.26411
-67.49212,-10.740847
-40.684093,63.65324
-15.716883,2.681441
-26.567503,1.9118586
-36.2675,62.731922
-78.80893,8.580561
-79.94545,-9.737723
-42.42355,47.746502
-29.363237,-33.25598
-33.594273,-19.155458
-25.986443,-17.299528
-60.620815,4.003075
-79.314804,2.6739972
-47.420708,41.51318
-9.635928,-14.293766
-32.209114,39.555325
-31.634212,5.1944017
-43.61898,10.05696
-27.92303,-34.13881
-29.975243,55.86634
-43.41847,11.152937
-4.4093285,18.121716
-37.693714,62.750244
-48.07383,19.333748
-31.050222,41.735134
-17.565662,-57.423378
-33.331913,-61.842785
-14.168707,-24.418976
-54.045403,14.721791
-63.00396,10.086632
-18.878439,1.6602782
-21.960747,20.465336
-64.93782,-8.189563
-55.614727,-23.799824
-77.505295,-10.271987
-50.8204,13.0857115
-14.801775,35.624027
-18.461426,33.228394
-42.0651,55.914234
-48.235916,31.833033
-45.30386,1.0336516
-19.321644,12.244275
-5.6919,-18.093208
-20.886278,-39.97758
-57.231117,9.825591
-41.380573,1.0409614
-54.58109,-19.90579
-25.501207,29.501165
-28.679457,-33.208504
-41.556038,65.046455
-38.86103,-27.375912
-49.585316,-25.32575
-51.88611,20.352375
-45.056156,-9.495642
-78.23186,6.427745
-34.977592,-23.325651
-53.72186,3.0605202
-36.677555,46.114784
-45.139774,-4.9289956
-46.04811,-18.084623
-38.332504,11.076462
-34.41909,39.49081
-31.308609,50.594894
-56.499126,-24.03478
-23.7411,-50.43
-32.265434,48.156975
-45.243633,0.6875261
-72.85864,-3.9183712
-86.27259,6.6562505
-56.085632,-4.2772374
-31.738434,-43.794907
-3.8157449,23.04805
-7.592922,-13.722515
-35.650738,-3.6639276
-80.0234,1.4331336
-21.899208,-58.90009
-40.3394,16.024382
-52.209927,-12.358468
-16.001806,-7.6050515
-76.23991,3.7490964
-10.91241,-40.630882
-33.18033,-13.817974
-23.676685,2.120585
-44.742546,51.716667
-27.202543,51.556816
-20.884193,9.289787
-57.208954,-9.790371
-3.0735805,18.445541
-17.414497,-43.013218
-63.658306,-3.5132697
-46.03185,44.359787
-80.51929,2.4918425
-24.932016,7.318168
-18.31076,26.88795
-69.48243,-5.0374694
-33.318123,-61.58896
-35.355175,65.46627
-84.49872,1.1255172
-12.50102,-16.948315
-70.03935,-1.8174626
-14.714124,-55.236423
-36.595844,-57.73454
-39.2959,-48.412136
-24.545155,50.058636
-39.57741,-12.671548
-18.24008,-46.19691
-48.516335,-0.46248668
-46.636177,-25.370584
-25.317358,-14.360724
-31.369116,48.53703
-57.080658,-6.2014923
-57.399094,-3.5812564
-41.98821,14.282286
-74.95322,4.452068
-27.878344,50.251656
-48.265846,53.948242
-6.7163134,-15.426687
-36.818283,0.4197219
-56.459396,-14.591056
-16.254557,37.029495
-23.461637,47.819874
-29.814407,-64.42844
-74.27512,-10.886602
-73.07463,-15.112994
-40.272404,61.383854
-23.759819,-7.5632625
-36.097317,36.134422
-23.67994,-54.958992
-38.291294,39.0703
-29.064482,-31.242231
-20.435587,-11.085353
20.133158,15.821779
-16.850256,30.791529
-14.284813,-11.606313
-84.37975,0.32223716
-42.420662,63.2414
-44.471413,-44.095985
-45.09069,63.43742
-13.679769,-13.038055
-30.88937,-66.414795
-51.810383,31.732203
-20.784475,-8.329954
-20.638227,-10.7743
-40.22716,59.988808
-48.111572,45.202198
-7.4511223,-47.482674
-39.488693,35.06147
-88.30597,9.239098
-15.794924,-46.617397
-75.57183,5.2876315
-24.245298,5.305367
-14.436176,-47.50198
-80.111496,8.562112
-34.934032,-12.073315
-77.016304,-5.115379
-16.36675,-12.777261
-8.69801,-16.298353
-54.53958,-9.091053
-51.929745,-22.298136
-22.25355,8.045364
-47.772625,16.43397
-34.008606,31.4623
-48.902172,7.1695433
-42.44353,56.818172
-22.01744,2.1258767
-12.539494,-39.83735
-45.88062,10.568101
-31.422129,-49.67842
-16.58351,14.32222
-22.123352,-7.1985626
-14.05244,-8.56685
-36.786377,-39.213898
-28.722158,50.214436
-56.88207,-15.04408
-36.0072,-67.09598
-88.861404,-8.962916
-43.84656,63.9214
-38.215576,-32.062016
-57.218464,0.49886346
-82.69676,3.9640148
-44.227768,47.240437
-45.264412,4.2733426
-17.478155,31.392784
-72.524796,-1.9980654
-4.833273,28.325672
-40.42188,15.537456
-24.773176,44.987156
-36.514816,3.7482922
-1.3593283,23.999022
-53.929905,-3.6387985
-33.47189,-11.291982
-33.097057,48.186783
-75.603165,-12.425503
-23.428707,31.388695
-46.64144,17.297237
-26.912085,21.522614
-25.288937,2.352031
-20.738302,-3.1851614
-23.518667,14.487439
-51.21993,-40.712936
-58.904804,1.6216695
-60.53793,4.640762
-27.381926,19.457642
-59.987442,1.3960885
-39.910393,35.404816
-18.021646,5.595084
-79.008705,0.48662108
-51.80209,-46.721886
-18.30775,6.1654253
-35.63081,-46.981
-62.21822,17.723213
-29.890709,52.981853
-17.441689,-7.2002373
-49.06278,60.56164
-15.69506,5.4843726
-52.508606,-8.2013645
-49.166203,28.70539
-39.768112,58.54151
-29.463661,-67.17296
-76.197784,-2.4668896
-31.808018,-67.01175
-20.610697,-56.795223
-85.91353,6.7307773
-49.726433,-27.535868
-18.195967,38.058727
-34.702183,13.80879
-36.50935,-27.393913
-31.984861,-11.064783
-30.673685,-63.242928
-56.29838,8.6383095
-59.70157,-0.14912143
-49.4714,-44.751076
-35.1868,-8.473802
-40.939243,59.768005
-32.42613,-0.78808385
-17.665283,-55.400906
-2.6816926,17.867035
-5.5153546,22.637028
-74.55805,9.318436
-11.216728,-12.646031
-69.943306,-4.1543703
-28.610151,50.781082
-45.4588,6.080489
-41.758663,49.075268
-25.330185,9.721363
-43.79449,9.06288
-15.645942,4.681576
-70.61324,-6.8176436
-20.119608,-40.130352
-56.52126,11.974464
-9.379891,-13.486122
-31.35408,6.4181824
-72.2673,-0.23379597
-58.07771,12.7109375
-57.3501,-21.397224
-19.593111,29.799974
-9.892733,-15.944817
-2.5255008,18.82413
-13.478319,-0.3467352
-87.58072,-8.376337
-66.320015,13.94525
-82.65843,7.432899
-81.25073,3.2020168
-22.011925,6.4734745
-36.499664,14.7224455
-27.530615,52.27504
-45.439457,56.234936
-26.708628,21.656935
-31.138666,-48.810375
-29.468151,50.713062
-14.9839945,-48.54403
-47.398323,34.339485
-59.105408,0.45229673
-41.05322,0.88516825
-49.454647,13.509628
-34.92171,-56.55586
-30.340708,-9.217906
-30.21091,-61.99647
-36.673817,40.563385
-60.28265,-0.576826
-23.395563,36.978714
-84.921165,0.50926346
-27.786963,29.43657
-49.988735,-39.415073
-61.872498,-8.756306
-35.78365,-30.972939
-37.708908,67.05771
-77.55114,9.921899
-34.170418,-44.536423
-52.3815,23.757206
-47.04621,-22.733875
-2.9854581,24.163895
-4.8116755,22.463774
-54.835407,7.7831078
-49.35646,32.30211
-24.037403,6.2593203
-11.051482,-44.99206
-40.263695,33.610523
-7.759742,-53.06242
-50.22815,3.205101
-14.238885,-24.447168
-55.993656,20.331656
-31.33325,32.92899
-85.269295,3.6010284
-80.447784,-12.1430855
-38.005726,-57.20838
-58.549347,13.033717
-13.589292,-14.359817
-60.298347,5.8074474
12.808794,15.912317
-49.022076,-43.114334
-31.181473,51.53438
-72.012245,9.062565
-9.3484955,-14.095029
-6.9427323,-14.89627
-21.897179,-55.536476
-52.731544,-6.602877
-19.422144,-12.709098
-65.9561,-8.255492
-17.69748,-62.65536
-20.83462,11.007867
-42.014595,-15.887889
-73.19069,-14.6996
-20.901333,-17.558456
-48.4992,-27.387522
-53.351547,5.9869585
-20.304914,-49.336147
-16.496113,-18.455761
-51.85932,3.842888
-32.692417,58.58418
-75.19737,-6.602171
-27.375668,53.821587
-86.480095,-2.9559283
-39.68655,44.826733
-31.109137,9.107138
-14.927623,31.60491
-87.855484,-4.952212
-12.5671015,-40.057312
-80.82199,-10.596991
-38.849304,-47.872223
-15.500586,-7.2124925
-28.954746,-23.778038
-20.877558,-13.267098
-46.325512,-3.7566278
-8.255998,-12.005275
-8.015144,-53.118534
-32.554512,-34.626915
-21.518785,35.113388
-56.28999,-6.8423963
-24.77433,-57.54336
-81.92826,-2.9509406
-43.62214,-16.978914
-40.479366,35.004753
-46.298557,-4.1793404
-39.627262,34.925987
-33.752544,-63.288853
-61.912975,16.988176
-51.919567,-24.58231
-12.45084,1.8239644
-29.973913,-55.161366
-28.925684,18.959436
-40.538776,55.875053
-17.769737,13.012996
-40.579098,37.141617
-39.73303,14.329193
-19.513699,-61.91054
-73.36878,-3.9411724
-75.996666,4.4947696
-39.508186,33.244663
-48.615833,-41.378284
-23.81728,-52.05819
-15.989766,-13.750577
-7.01832,-17.88599
-35.572514,-57.27755
-26.619478,-56.829918
-49.50445,30.427265
-40.193935,-0.5155228
-32.021584,-65.52328
-38.058678,-35.901108
-80.20552,-11.538559
-37.588642,32.442574
-55.12656,16.369207
-37.600807,12.187728
-34.52449,-64.51008
-28.675598,-5.719022
-9.58307,-11.445501
-30.656515,-32.558765
-54.76411,3.891763
-36.104874,-37.932194
-26.256638,38.174824
-47.194767,-6.548024
-28.712334,-35.614624
-32.139256,14.111691
-39.46294,50.232925
-23.629341,16.903065
-44.61093,-47.484127
-23.429308,36.734352
-1.06978,24.71483
-5.807627,23.222675
-17.106962,-49.992264
-79.244385,10.828973
-44.64366,-39.617638
-32.007263,-51.545876
-73.817184,-6.702374
-19.210316,17.436165
-22.60516,4.3265305
-46.92326,59.09607
-8.273658,-9.148457
-51.6593,49.27657
-10.990485,-15.478915
-10.654816,-8.418745
-65.4071,-4.981042
-47.641273,58.522022
-52.802082,-21.577196
-72.07481,-8.057429
-2.953161,18.106443
-26.967573,-2.8569818
-59.094543,-2.5835538
-12.92087,5.3115664
-25.00544,1.6455258
-89.277214,-9.361974
-53.427998,8.769463
-41.925465,-16.444216
-18.265718,-50.70865
-38.31468,-45.65241
-36.49501,3.612783
-12.798892,-13.637318
-10.753387,-5.4598894
-41.73401,-3.1074398
-63.579597,13.456246
-24.244083,39.20192
-11.313572,-1.9674736
-31.789728,48.51871
-15.969253,-13.011545
-43.393913,41.277954
-55.08227,-14.475335
-30.858261,30.21569
-45.444275,7.987795
-42.456173,56.994663
-38.21909,-12.3479
21.611837,15.341296
-85.28613,2.3189251
-3.515076,23.81768
-31.149393,6.4782634
-19.939203,34.2988
-49.30418,-2.666962
-50.832752,-46.8656
-43.760433,56.957283
-10.709633,-10.804855
-37.744335,54.60529
-21.51,33.461952
-78.69666,5.927045
-43.395576,19.289066
-42.808823,62.760254
-50.452805,-19.021261
-9.580464,-10.169687
-29.65111,-53.409283
-43.45075,46.67762
-39.90913,52.26458
-74.06285,-3.6118886
-39.012505,34.903915
-44.811714,51.754353
-13.45668,-19.541328
-34.097843,32.590374
-16.276304,-18.326555
-29.699682,-32.271397
-21.788475,-62.012848
-50.288944,-24.87066
-79.92176,2.544051
-82.62892,3.7775874
-31.323746,-33.963516
-21.82492,5.152289
-51.132328,21.850206
-53.374985,20.3417
-44.893024,2.742902
-35.78565,-9.135493
-2.4985435,26.081266
-42.80645,42.46034
-32.504665,6.148472
3.2812028,53.776417
21.845686,-58.846245
12.633527,-18.26892
43.42651,5.0176196
28.020132,40.621574
9.603324,-48.946262
8.716165,48.102505
70.3824,-3.6335828
43.197334,28.50634
11.931962,-5.415825
7.8432107,47.1746
45.78594,2.509223
26.070742,-28.329004
19.949408,-9.263288
8.42035,53.93964
35.40163,-3.7189558
47.265724,-1.9353341
58.534435,3.3477757
26.749762,40.345997
66.598335,17.691412
54.56712,28.08919
58.864166,1.0725207
77.35331,21.012825
7.7187448,35.053192
29.85862,-12.124425
14.608436,-43.34518
67.86401,12.388535
3.498125,-35.335503
75.76242,20.419588
22.229599,-21.32791
6.1942782,37.367077
6.6293936,0.8840164
20.29159,-0.9374388
26.724321,10.687483
27.123997,-16.346628
19.05308,-9.336517
7.269223,69.020935
30.094297,-23.705431
38.752144,-16.313414
88.05229,8.348751
87.21552,6.8595557
9.200986,46.197052
54.47855,-1.3372359
52.54526,19.025154
20.606848,-11.778433
50.77063,47.342407
38.423214,-44.273113
15.4997015,26.764927
61.68473,-19.9444
51.113434,-3.0502205
73.97743,8.835405
19.888815,-1.8569572
10.048214,-36.55222
44.450783,2.3473806
76.47003,22.76938
76.348404,0.94701916
26.94569,40.58477
27.390406,-34.024227
20.304783,-39.005573
44.812138,14.791729
6.3516173,9.98907
75.93257,-7.527631
35.770958,21.189438
29.805737,13.810661
61.38207,19.07362
10.599509,60.51051
32.28355,-23.73313
61.654453,29.352135
38.636353,38.272255
4.1051207,-35.537457
50.424316,-20.073635
18.423964,28.826283
81.44241,-4.281684
71.29304,-6.088633
5.9493623,1.8239671
13.06358,34.867416
32.794617,-44.36571
31.411951,14.728695
39.66934,16.589317
49.09682,24.688147
37.05021,26.94754
90.07934,7.9788575
21.64552,-52.543114
18.437483,-32.630627
62.226295,8.458875
29.409107,-21.774858
59.538197,-16.850842
52.0574,7.5162954
8.561316,54.396023
27.141214,-29.699986
5.6660867,-37.17191
4.4342957,63.27243
41.62684,10.242577
2.8922117,-34.736996
38.969288,-12.269075
6.5825424,6.525433
52.912697,45.53921
3.7795608,-36.398193
2.7462933,46.60098
31.090437,-13.888213
30.736712,-51.23407
2.936559,49.97621
12.0021305,54.75319
44.371662,6.8668427
64.21036,28.318352
6.843339,62.682106
74.833855,3.7662776
32.005894,41.13738
21.911945,6.1103435
58.43856,-24.134779
31.855072,-43.784756
17.471268,-10.757985
56.892475,15.621621
68.24949,18.745575
24.957747,-11.207892
56.07754,22.03166
83.41476,7.298104
84.18736,4.361473
42.713165,28.663898
18.131578,12.004516
25.186518,-33.08075
30.647417,40.7344
17.918552,-4.578759
16.167475,-44.561924
18.989481,56.146877
0.44140306,51.9042
1.9683629,-36.678196
26.21382,-22.722507
58.366814,17.342093
59.35693,30.511055
45.522266,6.0328546
3.122111,48.25476
31.631416,-43.89624
66.909966,12.627744
44.8955,-5.5430236
43.025524,32.22777
20.617405,25.257956
44.731552,17.561636
26.723686,2.3195202
19.577171,-3.369624
21.68424,16.56349
9.183213,-6.801853
19.809952,62.637512
56.78631,-13.820546
8.506994,35.374115
48.50094,48.2479
36.50592,-26.991247
11.779712,2.760989
41.02695,-3.1928682
24.966505,-42.09297
7.7822647,7.360495
37.45989,-16.532707
25.775507,-23.365591
49.65242,12.89364
27.446245,-13.887972
37.961044,3.6645918
11.819416,-26.80255
53.407906,27.143856
6.13877,59.64691
54.0918,12.536788
3.1310596,59.68053
39.21625,-26.873636
38.14541,13.5535
55.162266,-23.213827
46.746704,12.136341
31.526236,3.5533655
66.18445,16.477993
43.62931,-5.525037
12.02911,-41.67388
61.777985,20.866581
62.599262,-22.868883
69.26621,23.133072
59.030926,-31.036537
12.667256,-48.367363
4.8639383,59.989117
-40.7781,-21.787857
37.869125,33.62868
19.283278,-22.750696
34.4417,2.0332956
11.368674,-49.956123
31.773428,19.386808
63.57871,13.51831
21.669937,15.264949
34.19835,23.358507
12.131262,-6.6198225
51.00785,47.389038
19.15414,-57.75877
86.55311,-7.542637
42.62084,31.657635
21.360855,-55.05776
4.3428674,53.609055
34.842373,-26.376986
74.358955,-17.324856
34.022354,18.30669
30.367985,-50.913727
32.95402,42.59372
32.694958,33.781773
4.880377,-29.036135
46.906162,-19.841358
35.742306,14.793907
11.485516,-42.27286
-9.7376375,-38.627316
56.43645,16.277418
13.027853,-16.680862
5.331876,42.29762
45.53356,-19.291748
35.069866,-42.86715
18.931412,-41.42439
32.933426,-12.241772
47.38608,-8.064089
27.124067,13.9371195
11.809697,-54.416683
35.823185,-17.529419
39.068398,-17.084066
21.671516,16.01384
2.823164,50.015892
18.286991,-29.3148
15.121194,54.105324
39.040596,-3.6320019
54.427734,-20.656443
55.57499,-23.031544
36.531498,7.99778
83.725555,-3.5486424
40.269028,-15.854854
14.793963,36.808926
5.4249353,37.54587
1.5637796,-41.917015
58.321938,-15.636484
6.4107347,61.506367
11.052416,-46.051476
35.94101,-11.440916
12.9093895,-43.90079
38.993977,10.460744
75.222694,-6.400282
12.220068,-8.322696
59.585304,-2.7495868
18.153158,-42.80854
4.6428113,-21.618633
24.620075,-52.52379
40.985676,33.53608
11.920644,50.846703
3.6537228,-38.006195
77.20749,-12.007264
19.477709,-57.854992
37.168007,-42.97393
30.391466,-28.110285
83.65368,-1.5453945
68.28312,21.836857
47.36086,4.473582
16.656326,-49.94667
45.03773,44.077023
18.215939,-18.80144
36.71448,-27.060364
22.80395,-31.885153
27.609882,-14.887264
19.852562,-29.34335
14.247336,-1.6829754
17.321274,-41.491814
63.809162,22.91838
73.23965,-5.8004208
27.158873,-42.433823
54.97057,26.694227
67.22658,18.071638
6.19284,49.57
61.951305,-20.508142
50.397938,0.14903063
48.002697,-7.36947
22.722895,13.9218235
29.403698,-26.730362
51.734833,0.7343272
53.972004,49.11455
38.56194,38.097244
30.761745,-2.623313
15.504805,9.808099
23.459253,8.58537
43.584293,-2.9017088
20.095861,-12.105612
9.11203,67.82874
67.70808,9.142257
80.441025,-1.2865056
4.7851562,31.15137
47.230797,-20.167364
13.748008,52.012936
71.86573,24.852846
39.4933,-8.282305
76.880295,23.332207
34.916103,-30.912197
53.58408,-0.58372265
3.504653,-37.354424
27.234138,27.860788
5.939894,-7.391631
39.179626,18.140215
29.981863,46.000526
27.558578,-23.270933
64.86532,-27.605783
20.95226,8.532021
12.421562,-48.999744
23.071596,-3.5295117
21.345274,-42.3299
37.42055,10.104294
11.31787,-39.92146
61.899097,28.616892
37.656315,-24.117165
53.23737,-28.38246
82.71494,-7.7336574
2.3581574,-2.1065736
87.85316,7.301757
34.20109,31.14072
34.943623,-21.272858
23.412674,32.742836
10.351557,52.560024
51.584087,-30.1803
22.337034,-44.12059
14.42135,-40.786427
77.26369,24.641634
5.7479267,-6.8368993
39.736214,-29.178627
12.344378,66.32948
6.5897946,66.86272
39.586956,17.778934
37.60384,-15.201387
62.16116,1.389186
73.16692,-11.839976
33.25355,8.237223
50.345474,-0.3106632
66.0115,17.956589
56.21299,25.837675
65.020676,13.227877
50.776394,-1.0407703
13.080729,54.820435
9.453232,-14.525744
15.8480425,19.390186
21.589815,9.053012
13.954959,-22.69606
50.33147,-19.604822
58.183735,0.6464241
11.939182,-6.579629
59.675743,27.954653
10.862237,56.60042
18.76678,57.770004
55.3008,-6.516328
55.043312,29.84578
26.258076,-30.92254
78.670105,-6.0431437
31.420366,41.298943
13.324532,33.50663
54.19818,-32.325554
12.873447,-3.5024352
66.48638,7.598785
44.597836,28.258743
51.113632,-27.866629
43.556503,12.326214
51.344627,0.45970172
5.209111,7.523526
35.895218,-45.348614
31.908607,18.85963
33.92489,-28.050749
13.889902,8.556534
15.950833,-34.962837
62.678253,-26.031986
61.42823,-21.24483
15.015106,65.692154
16.8274,-40.895958
17.617434,-51.05325
2.7920444,-38.113735
80.4211,-1.3522207
14.781797,-51.03671
5.4644947,-37.027855
39.024513,-15.1019
76.83847,-13.894573
47.135666,-18.053623
28.24043,37.64831
50.923782,-19.89987
16.379873,-52.763794
18.891327,49.79092
40.834965,-3.150443
29.506832,45.917923
76.472755,-6.149382
4.0087557,56.958138
43.13203,21.889778
60.55951,-12.57644
23.994652,35.92159
70.57209,11.671426
34.118656,-9.984327
53.529957,-23.430521
40.40118,22.599022
77.54646,3.007755
61.1218,-18.392237
13.001318,-37.89258
42.266502,5.0732017
32.95754,-23.316103
47.064823,47.559086
50.251472,-21.116467
49.648884,24.453564
77.430984,27.517841
16.991598,61.1295
69.26913,-4.024507
24.954546,13.078315
53.890724,49.112793
64.769905,26.937511
31.291904,35.058372
20.01691,-51.657467
43.011524,35.12404
51.074608,51.073944
7.200759,53.64278
32.628227,17.203592
3.789264,44.636677
10.350772,-48.967747
81.42479,9.744354
37.460667,24.928308
11.460084,-38.881504
49.854897,-19.090458
5.7401414,-41.348366
24.399607,-11.856946
12.216844,-41.984158
44.699306,9.866139
50.44939,20.360407
37.499516,-10.443122
48.637676,50.295605
53.89004,-16.007286
24.049917,-49.697742
35.44541,18.529829
48.98447,-20.929188
9.083807,68.60095
40.7303,34.967308
88.39775,8.380381
31.386362,41.42101
69.28151,-5.0418367
36.83225,2.068244
51.391575,4.4639564
52.699623,46.14365
57.049065,-7.1715846
1.8146043,48.35761
24.714008,-3.2708316
5.122522,42.20166
14.243443,-50.744297
35.724567,-13.744844
39.885994,-20.054201
62.55106,17.117365
23.897736,-37.655193
35.707752,-5.136071
35.939407,-21.870363
78.52402,24.943058
24.73485,-21.96667
13.387974,-36.333984
50.9635,-1.7742386
34.133606,31.263132
22.434229,-55.37445
-7.23771,-45.55754
13.024921,-6.9664903
22.447193,-14.372265
76.07013,9.9631815
52.43008,46.519833
55.440136,-27.001904
23.085659,0.14670022
38.669357,10.757816
42.60257,-8.747129
73.35856,-5.881318
77.44515,7.4071884
0.8910716,-31.164757
78.707756,-6.8842473
83.13549,-0.09274961
15.370916,30.8928
27.238075,-42.06933
22.726467,-24.742949
25.800375,30.08748
63.57862,20.273043
25.198711,39.992756
88.34169,-6.578996
30.658525,23.380598
18.695904,57.868763
55.61554,-27.033314
62.97251,22.103392
15.637346,-33.11395
22.416864,11.772149
23.918104,-37.914524
43.174404,-0.749109
53.819363,46.320805
4.743221,59.61009
72.18611,-20.774582
10.624654,-41.756737
21.202019,56.367943
55.326164,45.234318
31.042532,-1.473198
30.404913,9.310932
34.977455,-30.454552
51.330063,50.13219
78.3794,-13.362727
48.924927,-0.4793823
77.96564,24.507412
62.312733,-15.337244
61.17734,20.141912
19.006144,4.530021
13.275384,60.693638
40.16714,-5.8285346
56.82904,-7.1766753
51.10961,7.328852
62.671024,-24.854849
45.512436,3.7418125
65.38509,11.157066
23.52436,34.400723
3.3610044,0.7150398
34.653576,0.6855173
43.253094,33.570564
21.54722,-55.022633
12.2199745,-38.492188
23.13901,-4.728281
61.854877,-23.105461
83.660095,5.370924
9.16972,52.67223
53.339245,47.684772
18.672106,-37.86503
13.803369,62.175446
23.402792,18.999218
18.838522,-2.0559018
84.123,1.9436736
11.101669,36.782795
8.299237,-0.45997187
26.474499,-55.940853
5.86733,-33.594387
10.784339,-46.828438
64.890205,10.498801
39.44946,-14.379472
57.30785,-6.6141925
46.898594,18.525255
58.938595,18.26272
11.516627,-37.839115
9.829104,7.7100544
79.62183,9.366194
46.917137,-18.094227
54.67707,-20.64324
50.375736,6.6836143
13.665071,60.118095
43.471424,-3.4888372
14.900402,-38.994076
25.368895,1.8780925
32.17015,-16.032997
14.202559,-38.555058
75.368675,8.271169
66.81889,8.589085
13.581252,-39.55368
35.683475,-2.6659486
5.7670407,-43.18586
34.749245,0.4546933
11.636591,-2.6507957
23.867428,2.2084029
46.764393,13.605971
24.633694,-53.46914
48.98042,41.888985
64.34349,-2.4776747
21.770079,-13.609134
56.166348,9.130567
48.880283,48.24563
9.95659,-2.5135453
54.872887,1.360475
36.615517,-13.708077
34.36829,-45.383312
80.163315,-13.240835
58.724056,-16.86553
59.637985,-16.619522
22.35755,-11.978778
38.8461,18.838493
39.477478,35.668064
18.948275,-48.848312
45.53027,-3.7117734
48.242287,-25.946922
19.804613,-45.29626
62.866425,17.023542
57.618633,29.335794
7.0839596,67.04212
19.34065,-48.481342
85.57468,4.3964243
8.840246,47.229786
11.212819,56.961174
31.045176,17.835129
8.095152,57.747345
53.895493,3.7239783
27.109232,-24.573107
12.7729645,-52.66408
25.823559,-46.644993
84.26469,4.4385977
37.93329,-44.45274
1.3599389,-37.02512
58.3165,-32.52958
30.243097,-40.109562
75.423096,-17.53351
57.603367,-24.558014
78.22978,3.3194797
21.992496,-9.466994
41.723537,-3.6198847
8.806134,47.37581
76.931656,-16.046244
5.258796,-33.264786
14.277792,58.29725
64.08005,27.204159
56.986523,19.464972
42.52499,31.387989
48.709244,17.6341
18.761932,-11.081097
48.020584,-14.482682
38.98855,14.543149
12.771817,36.99807
16.255945,-18.183266
59.46676,-21.92213
66.23581,1.0081526
64.54844,23.528368
48.21692,49.115284
64.46905,-22.003931
68.679535,-21.991873
12.791575,36.042686
20.765244,-32.865616
13.374941,-42.961792
41.54899,10.140787
25.799133,-32.472565
22.100967,0.53182083
46.89836,4.021468
2.5144916,49.410645
19.549614,58.90435
16.101946,63.96619
15.46201,-41.37041
73.73715,-18.640596
60.369514,4.7703547
9.182272,48.31515
26.255005,-41.75803
90.007935,8.053176
78.40111,3.6957502
21.46538,1.547919
34.887173,-9.546097
10.389352,-41.707832
35.791737,17.803831
78.08931,-5.9976096
36.639725,-41.845867
11.51186,-5.52616
75.32688,4.6107516
77.458305,-15.049994
20.238894,-2.14568
12.831025,-43.149693
54.23292,-29.109844
17.936077,59.39859
30.361706,0.31572244
4.405612,45.17524
25.492054,-33.4747
73.57369,-5.687862
24.07506,-1.9341208
55.257923,45.704803
54.72034,48.689243
19.00667,58.218597
36.7878,35.178627
32.565716,33.749905
18.709585,-41.470673
19.7147,2.3557088
65.127304,-20.556698
62.939835,24.529764
61.16074,0.5056549
69.74943,-9.443024
29.732733,-17.25408
52.80114,-26.276272
19.860773,-17.844315
75.61677,-18.548733
86.16432,-5.5301294
36.974464,23.031712
51.598953,-19.770803
53.38685,10.623104
33.995678,6.4900002
6.0440702,45.877327
29.77543,28.109886
24.795073,-5.6901155
66.775635,12.241112
75.61051,17.952816
11.448368,-52.00836
11.860034,-37.383087
41.044285,32.438248
14.504334,-29.467129
76.53851,-4.405757
42.715816,-1.1959542
39.76908,-46.048267
11.221538,-2.892814
75.495605,-4.999796
40.931328,34.52191
24.372152,38.80965
41.992413,33.887478
74.028824,9.172862
76.67047,19.66551
32.179527,41.80011
71.13385,5.5396085
13.291055,-36.716217
87.93091,9.207249
63.143326,22.030981
76.12749,-15.722594
29.240376,-29.385286
77.26886,27.471613
39.217922,-46.522438
23.943289,10.201918
6.996654,39.643402
31.436094,20.176819
70.00356,-0.9822942
45.816273,45.884853
20.869818,17.640156
38.411343,8.520049
3.1428006,51.47455
22.104254,-46.44407
7.557128,68.590324
80.25695,-0.91024834
12.32396,-1.217287
26.58069,-41.67268
26.43389,5.51391
7.241568,-5.3866644
5.31371,-32.645237
27.35562,-0.42139366
12.968241,-7.914582
16.631197,-32.970654
27.378326,-43.900787
83.43188,-7.5103445
23.973473,-49.890865
52.783463,-14.193847
46.37129,4.952546
41.05393,11.412766
45.203823,-20.279789
32.975704,-45.73103
51.447296,-20.175484
10.694228,-1.3580606
63.12803,-24.607725
19.661844,-1.9033728
36.316868,29.972149
35.45603,-3.2734928
11.946844,52.973186
66.78742,-13.299872
56.110794,22.259598
9.325057,-42.178814
69.99367,-2.3312726
17.221304,-51.982037
85.47608,-5.463371
86.0178,0.87147164
21.280376,-4.965421
15.82686,-1.3223532
52.20705,-13.163603
88.44056,6.7427664
73.0794,8.436037
4.2746096,63.794266
9.131402,8.03301
42.137608,8.4496975
57.472057,13.718091
72.84822,19.531097
33.81792,19.743248
36.735306,-13.682303
26.912132,18.137703
16.922405,-3.2298648
53.577763,1.2400252
58.758247,-30.868818
11.686009,-43.46462
4.168695,6.495038
80.869965,2.38111
13.600172,-37.56645
15.335821,-39.994225
2.6447685,-9.436123
68.334236,18.952612
33.12522,41.489517
37.209667,-42.5535
35.852978,30.43139
6.618249,-6.730994
4.5271363,-36.895336
14.597186,59.484226
18.903515,4.345134
4.0458503,46.56832
27.342466,44.035313
2.26628,-1.1078174
27.35499,41.076492
16.14922,20.281872
23.004091,-32.0097
1.2551156,-32.9171
47.370003,42.951496
7.758596,54.51099
32.308254,24.491217
61.350174,-15.898117
61.46684,-19.73122
60.6005,26.206154
42.429848,-31.942232
61.52495,19.901321
19.614183,26.454288
68.232895,-2.544509
13.909161,8.465565
72.47558,12.637895
64.51721,20.258999
9.821696,53.28811
22.455538,-13.562953
4.6732597,-36.52304
15.318605,-1.8232489
71.88571,5.652084
37.151875,-26.331192
54.370975,13.605891
29.785538,-45.238148
60.1582,21.908855
42.113277,28.005064
30.063776,-47.20973
48.42571,46.913628
37.130177,34.112705
41.570187,31.043161
78.14036,-18.627007
43.980713,-9.096714
30.747942,-16.94659
66.12531,10.757332
74.852585,-11.90824
9.662115,33.07244
73.52559,-5.773089
41.06334,-8.1605215
49.09391,17.078348
11.433331,-7.308925
37.835613,-13.626582
40.233368,-7.159419
41.850914,3.0707986
26.501898,44.215317
5.9819818,41.91862
24.158987,-37.763832
80.74334,3.4422545
9.046581,56.339314
87.82322,9.324813
15.961073,-52.255093
71.370544,1.0336257
9.648206,-1.0315698
32.48337,-23.358643
87.58864,0.8469212
35.68537,-5.7003875
29.116272,-13.572139
47.878284,48.290703
68.953804,3.9418955
19.221132,-9.252796
76.187004,22.604609
8.220367,65.41824
16.62674,29.85404
37.024944,10.490414
24.314535,34.667915
27.336622,8.283489
64.94051,25.64454
6.699017,-45.029335
6.024387,46.87926
35.66589,-38.14538
45.695225,30.668894
54.106346,-18.230724
23.94082,-1.3038127
54.737637,-29.175035
8.752473,-5.214466
18.176847,12.037761
24.11279,7.283234
15.3980875,-33.301662
60.15072,10.520935
86.381195,2.7812564
33.969475,21.90984
49.949677,21.657948
69.10826,15.186061
43.01334,2.6387591
72.82704,-6.0461974
17.136309,61.669693
56.978336,-14.815513
50.873528,-20.574251
24.778603,13.16731
66.581,23.7702
39.256153,-45.77296
28.88002,-21.482609
27.649042,-45.23023
26.154722,-15.415612
35.477093,-3.3885674
30.573845,0.6316117
36.78675,-15.41697
28.690792,17.196442
56.697525,-7.0345073
31.171083,41.397118
56.76228,45.854286
64.53976,5.7294436
53.32178,-21.755219
38.377243,32.497383
73.11053,26.08331
84.911545,-7.27849
35.860176,-17.422516
53.946854,-27.72038
21.394161,-57.14737
5.707261,50.04785
44.385357,15.633328
-2.6378317,-32.091236
12.675653,-54.183678
55.494564,15.5676
45.324036,6.2406764
44.7839,-3.780806
22.944296,21.726374
7.0844207,51.823524
9.759082,-36.1812
45.76264,19.188236
35.111977,25.62407
26.151503,-37.92777
12.502338,51.42801
21.323317,15.158776
84.237274,7.441818
66.8812,-13.362239
16.491838,-10.280124
19.447718,15.685425
18.377405,29.1554
8.035556,-29.612787
24.28694,-7.690686
36.377544,-29.145737
35.94804,-11.628485
20.522032,-48.87385
14.785707,24.484047
64.322784,-2.5266752
31.06202,-41.768288
41.53279,14.859137
49.471375,50.642014
53.18341,-18.58627
60.288788,-14.197761
34.124622,-51.63975
36.947727,-12.103323
4.3691597,55.436325
13.279066,-2.9237955
18.155197,55.711388
26.712433,2.0516315
25.88326,14.086074
26.88763,-19.016117
40.168846,8.435723
16.908651,-3.1252816
90.15163,9.531405
56.709976,-8.184422
35.21597,-41.43815
34.955093,-29.880363
48.181652,15.472653
6.593882,-2.303339
32.58398,-45.480556
34.618774,35.16442
3.2047143,46.54434
10.65218,30.817968
4.7009583,-46.24104
19.2907,-7.708062
2.1060138,-2.3235998
19.701868,58.786705
19.514282,-8.929444
51.11681,9.562205
79.746864,-16.27315
21.727629,16.248999
75.84099,-4.288749
7.596929,-49.311543
33.28047,-42.131474
84.96921,-1.9877379
27.434614,-42.353825
82.022255,4.195854
45.549583,26.240633
11.7091465,-46.55135
24.26712,-53.160706
14.104081,-51.895515
31.15628,14.527903
37.11261,-44.992443
67.29292,-3.0873702
48.698166,0.48990178
42.363506,-28.51577
21.160463,29.053078
61.832455,-24.514046
87.377785,-1.9616532
23.983765,32.336807
69.58695,13.564957
20.296679,-49.221634
9.298537,-33.215332
84.907394,-7.117835
88.848305,-1.0699023
26.77356,-23.431648
40.31613,-10.429622
23.604593,-24.341816
53.68136,45.48541
34.13404,-9.921977
37.96648,20.596539
44.313,-3.212418
-9.130355,-42.22114
49.18082,43.154568
25.410343,7.92179
5.4393744,42.242245
45.445675,48.724625
21.541485,-19.106169
48.587566,47.516415
24.854065,-3.252636
8.753491,-39.885643
54.668278,-20.487648
9.779294,33.028316
19.483685,55.156223
51.358738,16.37099
46.16827,47.40669
59.45973,22.398632
36.980885,-10.784571
15.522849,-28.2934
13.861764,-22.989408
58.687996,14.185995
26.066986,-16.32362
62.027966,-25.689005
13.835608,-37.89525
23.36761,-1.8600427
60.19148,20.355043
21.971764,-11.360303
81.63242,8.297007
40.966812,35.1654
28.191187,-24.591497
1.1725105,-30.406698
77.6897,-9.536986
13.797689,-40.68567
9.572437,65.64415
17.903269,7.596015
71.85166,16.107386
59.17214,-20.419596
26.831497,11.47502
33.024364,-21.572025
7.3665624,57.188084
34.550217,-46.36686
13.790327,-48.99473
43.648064,12.263535
20.790556,20.319534
14.705117,64.02726
32.803986,-12.566114
67.06144,12.381506
24.737497,32.48365
11.206016,-7.575196
28.057964,-15.39646
12.611302,62.761417
27.833357,-13.8075285
49.88269,-19.51914
19.420086,-4.2922606
25.79002,-22.245308
80.292336,-1.4087865
23.127085,-0.074197635
29.945597,-23.562462
25.800571,34.439808
69.91755,14.929492
13.783292,-17.309
39.22539,-17.054447
39.391933,-2.8646643
25.962673,33.660618
29.417337,-45.510006
53.575603,-0.9407391
39.223305,17.690453
17.09014,-32.885784
34.150856,18.307673
83.81731,-1.4167004
41.51321,-1.4640948
21.696917,11.709756
14.330679,-44.68014
76.36055,25.765306
59.122,16.912457
51.325775,46.237213
9.098887,6.1807218
58.30898,-32.41508
-17.732664,-40.77008
6.8522677,-51.235588
47.41786,19.312649
84.41233,-3.230299
62.32416,19.052866
32.938744,32.919613
18.732191,-48.933628
62.090538,21.595695
37.038395,-30.653584
58.70087,0.7439646
14.684059,-41.745796
24.85929,-38.17485
36.776474,2.1494215
21.16627,-7.672266
29.129988,-12.127922
14.542277,2.5146878
4.661003,49.620514
53.894394,19.705986
26.3448,-59.414776
19.17195,-5.9933405
5.2945547,10.408552
5.761082,66.84715
52.60491,-14.175922
12.860341,56.4904
17.336107,19.475782
31.181515,-44.733986
54.597893,45.439556
17.046654,61.501736
77.06964,27.200205
64.58312,-27.449444
86.238304,-5.2701087
56.321945,43.2439
63.511345,-25.865103
13.916871,32.6384
37.55511,36.738316
13.276133,60.94239
37.834877,10.149471
6.1561494,66.26296
52.715282,12.285364
59.947098,-20.58963
9.717251,60.39304
15.3353195,-45.70369
69.29787,-7.7106123
14.504043,-0.8313708
15.846337,-50.809044
1.9991935,-0.9015327
82.71565,-2.4508495
55.978745,-27.177074
8.831861,2.8999157
5.5729094,4.4222827
72.658844,13.007671
22.73576,36.973698
83.113106,-4.9310985
14.7601,-22.844387
33.296368,23.326143
38.50403,24.334646
12.586706,-40.2794
8.556774,64.296906
65.116936,-23.615349
48.434837,48.273197
76.93735,-0.7689961
20.395247,-10.917512
31.56203,40.586838
42.259315,27.074839
52.256977,2.4359577
38.64647,38.259266
40.45578,-14.9269495
30.163427,12.097626
54.177464,27.355455
6.8847585,58.03319
29.036858,-3.928832
42.96977,17.10841
12.248791,68.00817
42.965576,14.890916
31.384256,14.993483
46.61146,-6.028804
60.2079,21.59406
5.203383,45.649967
48.973415,17.622715
40.170876,28.06578
13.190542,58.220844
1.8786651,-36.13078
88.090096,-0.5434656
72.063255,1.9256321
40.588432,-5.29211
50.980896,49.98074
63.192917,-21.531279
31.644596,-48.24599
64.00807,-23.628054
64.8245,-23.127771
16.51071,-19.80238
11.145973,63.676086
7.398874,-40.356384
54.633263,-11.552118
50.31983,46.395355
77.85054,-0.755076
4.3372335,52.859215
62.55387,29.208353
33.013798,28.332127
6.9090915,-0.62709016
7.758133,17.813473
15.525093,-22.79708
84.66014,0.60747296
20.938248,55.01328
10.826715,37.297707
19.247644,-10.975876
16.682943,-50.030422
88.3566,1.2376337
26.98994,-34.67609
26.678646,-23.69045
77.36649,-13.362847
64.90903,27.969723
70.4897,5.320674
7.2925,-43.017563
79.054794,-12.953236
6.6174335,66.332855
8.922512,56.396423
57.36504,3.6630394
31.019741,-41.66344
6.3541317,49.58011
78.82014,-19.460077
48.27655,-19.458616
22.269129,-59.28141
68.19825,21.758327
16.218134,-35.099693
48.679264,13.58985
23.114565,-56.83515
6.0605745,58.4117
44.22776,47.925377
80.898056,-4.8156195
59.284313,-15.582278
59.117207,0.83099604
51.112507,-26.239017
19.181007,-0.072456025
29.21472,-45.500565
77.86428,-14.994065
75.28638,-10.84157
18.706894,-40.295883
74.12248,24.099726
73.18452,-15.20559
21.749142,-7.2095256
64.17487,-27.550295
43.376534,-5.569334
14.987036,55.813927
28.1249,-20.898357
7.515759,67.05378
6.3690467,41.94145
59.07444,14.663509
33.144344,0.98753655
19.452932,20.479673
61.936142,29.483646
26.782118,10.405699
30.294907,-15.381395
29.007736,40.122463
53.88735,-15.345915
46.992687,8.051845
45.049988,13.400648
3.9222348,-5.055146
28.297821,-39.58654
42.174343,-27.90697
1.9410875,48.37119
8.685089,65.29806
26.600462,-21.545792
27.685553,5.2475433
9.676398,8.777804
77.05631,-6.7480903
76.19784,21.752224
8.583614,-1.3681359
28.580126,44.00613
31.636488,-15.794068
55.862766,-6.4499254
13.97371,27.241138
26.053732,14.157034
34.190834,-42.026684
28.805788,4.9881926
57.517548,-20.533329
42.21072,22.639967
87.62764,7.9651065
50.73862,53.254585
35.951893,-25.224789
69.94987,9.042193
64.30691,22.140812
10.123364,53.905773
62.08531,21.138811
27.577442,-56.167885
25.97044,-13.739754
35.10164,-26.569876
19.680183,-43.50726
82.896484,4.207014
36.20482,15.470592
77.17213,7.7221203
29.87107,28.320822
34.66079,24.241278
26.47541,5.1113944
4.780118,0.1454714
74.12819,18.494734
24.68103,-25.20515
27.516619,-38.25939
52.80534,-29.439003
78.3081,-5.2975464
11.998318,-0.6263226
41.23972,-27.694046
13.300235,-48.20989
35.451046,-43.28951
11.125276,7.953583
74.298096,-15.06495
40.04421,2.0424042
37.817146,31.073992
37.496117,-27.634897
45.91527,52.413124
77.0051,-15.9317
8.361016,47.593884
56.750412,-15.298787
75.37629,7.176532
10.367505,-39.85624
14.924197,35.184875
10.468078,-1.7540053
62.50223,19.055944
49.973656,-25.892035
26.63835,-14.138541
9.225975,1.9660766
33.169636,-42.530174
33.41943,17.57248
35.765606,-14.89161
2.0887036,-37.041794
37.544434,16.33735
40.4847,13.558911
34.798935,-44.444233
25.30503,-55.909782
51.41294,-11.938133
21.256765,-9.682849
20.789875,-10.744554
39.0842,-25.11425
26.532803,-13.52358
5.399238,60.605774
8.412107,18.245953
23.368256,3.8746166
46.289795,20.442707
48.071426,6.3867836
29.275934,12.11552
4.113894,-38.79616
40.28214,2.3076904
41.43432,32.402634
63.61729,22.896496
21.35773,34.760094
68.75454,11.063509
58.130814,16.771152
21.451681,11.613809
48.399887,51.063156
6.5872564,55.56527
54.370193,44.965588
87.4579,2.2569056
16.315617,9.98467
24.409006,12.70002
77.10845,1.2687324
33.471176,11.839211
4.29994,45.186947
11.663892,60.597733
27.461718,-22.717676
8.953596,62.208023
80.49771,10.088673
13.145306,52.62342
27.901546,26.185457
10.831372,51.7556
66.857994,12.276187
67.46095,-1.4662004
51.236973,47.915375
5.934433,1.8367798
74.81852,15.232658
28.354408,44.50283
55.27033,-28.45561
77.406654,22.070095
4.714978,48.802025
21.041193,15.183017
83.64793,3.9693017
13.765854,36.863575
17.000643,-44.399086
9.736077,9.054028
75.919685,23.0545
59.63497,18.84159
50.925003,19.880568
48.99085,47.48461
45.54453,-2.607731
40.219208,10.234923
70.98826,3.4959745
25.05323,6.3227463
61.36336,-29.958399
14.052476,19.451319
31.161865,-44.68421
57.323036,-6.179525
38.871502,8.624442
48.186245,-14.78953
18.83459,-7.7982807
27.090042,44.56809
56.34407,16.279915
0.9574671,-40.994232
16.149841,-35.224583
16.282316,-6.421343
73.67708,24.260788
88.02483,-0.28913707
65.1409,13.04875
38.660496,18.845728
36.721844,33.49407
18.468645,-38.763943
15.875527,-35.635
35.3988,7.602234
42.65206,-12.769837
14.814479,-27.114452
19.816168,1.3628082
33.174103,42.771156
43.69474,18.199444
23.203985,-12.553982
57.344765,-15.004719
17.266148,-37.224106
17.470673,-51.59979
50.315,18.473528
12.696946,-39.295753
22.404072,-56.02038
8.568332,-16.253113
20.146196,26.15088
75.33004,-10.752274
39.980335,9.266878
16.393843,-26.134737
60.68626,-19.231468
42.84274,15.220525
27.38447,-28.074587
50.688416,19.665386
45.300945,14.238396
27.585201,-16.42985
27.899714,-60.017536
24.910212,-1.5959458
47.97053,14.281573
52.469433,47.89613
32.80637,34.84438
33.497,-48.287247
44.905457,27.082163
87.859474,1.3158274
80.40189,10.663585
21.15213,-39.495007
41.216705,-7.888556
-2.592862,-32.144543
18.043465,-29.86136
19.72886,15.837822
17.953547,11.650414
8.381917,64.36162
74.43896,24.460922
1.5001514,-29.295864
52.976635,-21.791126
69.918015,16.559837
22.906105,-4.2416615
48.661762,-18.854025
59.98186,21.729969
21.720009,-28.520224
39.851715,-20.088919
68.39871,22.51532
36.263794,-43.411762
15.600873,61.338066
65.01897,17.727573
10.189403,2.5789444
18.351736,-36.199726
4.150178,48.928158
32.532494,22.377485
22.492172,13.889493
-9.635521,-38.564972
45.342022,53.33259
60.85995,28.83383
43.65692,16.390974
15.247671,54.66132
70.31086,18.858673
27.338976,-13.181983
26.81138,-55.84147
18.891817,-9.913216
15.849548,-42.689682
61.465626,-24.55254
59.056427,-6.5601234
32.346657,-17.045462
49.008167,39.504288
39.637115,35.737526
9.825211,33.618576
75.59971,-20.008322
63.133915,-21.499952
64.60322,-27.038218
75.923744,2.5701017
71.342285,1.0287693
36.655743,-18.067423
12.291015,-8.710096
10.852642,-5.174528
21.929583,-44.540066
31.592325,-12.777267
77.567245,-2.4136796
9.445321,-14.3256445
41.82774,30.638174
11.885099,36.821323
61.314163,-14.222516
82.81188,2.0157063
29.36087,9.685054
28.049356,-48.124226
15.22746,58.864372
36.55317,-11.942854
43.881165,33.785698
33.70234,-47.72303
5.1650496,65.59283
3.0437207,-36.627655
53.532658,-22.817757
33.122437,1.1797875
17.833956,-45.892376
6.214183,57.247646
74.030365,-11.938815
24.867336,34.705532
43.272003,21.936333
36.671864,1.2104851
15.492572,26.770004
51.14092,48.576195
11.757821,-40.305202
14.577873,2.43427
78.74346,-14.459055
22.355164,-24.189596
54.437374,45.708534
13.354754,63.426815
15.254783,-24.428572
26.555676,-55.992474
2.2879844,45.196884
64.09578,19.242308
22.377003,-1.7736751
64.30146,23.443838
84.48987,1.5160078
14.307097,-2.5401373
28.029667,-12.11877
88.90588,8.812633
54.201492,7.3777585
19.589087,18.45154
82.30129,5.515622
38.55734,21.021254
19.583464,55.591957
50.688007,14.813885
79.14944,-16.101042
22.043245,-2.287551
42.810566,30.924543
16.020689,58.454105
32.112137,-12.004006
12.970461,-5.640113
62.52964,-26.503649
7.7455535,17.784655
27.30143,-27.779016
26.892017,12.265753
19.888353,-12.9268265
53.018227,-28.402187
44.339504,14.878542
40.414814,-4.011207
70.03894,9.051995
17.1033,-48.18586
75.699776,2.7447
74.393105,23.344069
68.565674,4.2359385
4.190068,-37.13011
50.42513,47.677326
43.21586,13.590376
63.24937,20.239943
20.387392,-34.644543
75.20633,-16.795319
25.865833,-2.3595254
7.455813,7.628383
61.953228,17.735006
67.11138,2.4909341
42.25053,-4.884594
40.923283,8.361002
2.0635786,-37.092014
12.906672,62.810062
43.082085,9.482142
76.36759,-14.631423
21.87333,-41.897312
24.706812,-49.22507
21.603462,-13.557947
39.286976,14.727542
17.453867,-57.478706
75.28426,22.768236
51.374733,0.31628877
77.658905,-5.7425237
51.318462,49.1582
34.669052,-31.038475
73.145195,7.9859834
28.487236,-42.079792
26.857424,-14.256772
13.109027,-38.887325
82.84872,-13.579004
33.160973,-42.683434
1.2987026,-36.318172
30.857851,-1.6644238
46.80558,-8.0290365
14.274285,-53.66015
14.3050785,-3.8141146
9.983522,33.44634
38.90426,28.238668
58.73675,0.76431715
44.280197,1.870758
2.968037,59.69973
52.589283,-16.980923
55.497257,-23.059649
21.079607,1.4393805
78.884514,23.16381
49.960575,-1.7408139
53.461952,50.340626
9.541226,-6.8140006
36.524765,7.2197156
23.853249,-23.665197
37.04187,32.2344
32.949028,36.244278
35.602077,-31.480604
19.813944,-47.07313
17.85869,-46.111633
33.78139,0.23751488
11.015097,-44.91122
33.706726,15.859101
62.51408,-22.421059
25.469831,20.35441
53.019966,-26.747799
63.630543,21.576502
8.54485,67.19374
81.286255,9.3991785
15.422912,-21.751375
39.461082,-24.274834
50.20662,48.851562
69.8418,15.361886
48.56862,-28.843693
58.234337,-19.494215
58.792595,0.7257139
20.230633,10.862675
57.800682,-24.421053
24.942179,-19.195183
74.27716,24.487215
41.216866,-12.186604
7.6437616,7.4070454
78.56167,-5.2432485
78.45461,-19.352966
39.057228,15.993207
9.699283,62.82561
84.35437,-3.0104203
27.26035,-45.454765
39.368324,15.908479
26.246508,-59.542084
75.60476,2.8500538
13.256517,1.9604274
45.57348,48.52879
28.967905,2.498021
53.7774,12.840667
9.297464,-21.266876
57.1445,-7.2111177
9.885153,-2.5535312
54.605423,28.774317
18.585854,-38.21162
16.032791,-31.392303
22.71658,15.653837
25.471306,20.44779
18.252075,-49.157856
15.933572,-7.973754
29.292356,31.201353
64.646385,24.088057
16.009052,3.4758866
85.15757,-3.117151
22.491566,30.694963
30.34002,-22.66692
31.904419,42.687305
64.73504,-22.223328
76.40827,28.607132
48.99564,-18.108124
4.1423616,-36.774563
12.054013,-41.153336
9.260197,58.128544
29.24314,-12.056346
13.784732,36.46156
39.841576,22.071524
84.78227,4.911605
36.747715,-30.607542
76.34242,-9.793417
32.50199,24.366814
53.405212,43.739082
44.931652,-17.94448
8.007229,-49.43654
54.37782,-12.876018
58.125137,17.22369
70.33814,5.853016
7.358254,-48.93924
59.59825,18.723972
24.809566,17.46615
73.673904,-18.930304
59.59191,2.2763538
22.79047,31.501314
53.698788,-26.474525
37.5378,-44.859474
51.09674,0.124408156
81.2341,1.3318416
79.86926,5.2508893
53.809124,19.535118
40.41354,-7.531778
34.137474,31.950779
14.286309,35.150322
44.14742,-2.48317
11.62028,-54.629253
83.37406,8.679345
15.670351,-45.85269
49.184166,16.968334
26.346722,-11.751127
11.62706,-52.24239
36.45858,-17.671858
4.9413037,7.868216
87.828575,1.5180023
8.170956,47.01476
52.978233,-27.791101
6.1509213,9.6595745
73.51024,-3.6922662
12.908475,36.662533
36.30891,-16.7085
72.16711,-6.1428213
44.6522,31.000677
23.534267,16.929434
78.08501,-4.505284
9.7295065,48.905266
78.592705,-16.701912
47.15454,-19.890131
10.218933,-42.97418
46.163612,50.039707
35.23317,-30.192896
6.784795,-42.11122
77.3971,-4.124244
14.409534,-0.25801268
21.804071,-58.64322
21.38002,-32.595665
12.243378,-1.1211405
12.789624,35.980984
23.588535,-43.89503
9.093602,61.122784
78.99692,-1.3948718
23.48201,-55.63651
58.838852,-18.900105
36.749413,1.5071234
37.678196,13.950474
19.49601,20.513699
16.585058,-42.95986
4.742988,50.156773
54.565693,50.73226
55.143833,11.585469
40.546818,-11.686599
85.467995,0.44856107
5.8328085,-1.7700056
63.724293,12.215758
68.59596,16.704807
12.827864,36.18117
70.5305,-3.6188345
56.80942,-7.383398
13.1644,15.954509
53.046997,52.56412
55.590115,20.691406
4.3034263,7.6011477
8.738487,37.363544
37.798645,-47.07981
37.184216,-14.426208
36.315117,7.544037
70.53032,-3.6601515
12.276605,-6.8401585
37.582287,13.844517
54.112606,-14.789163
44.2124,-31.024433
25.331377,10.24867
50.93693,-16.53504
43.50434,0.72052604
78.96089,-5.462909
34.687035,9.599155
13.126315,33.592854
46.986813,50.497326
32.54258,40.715412
4.3714614,-35.399513
38.464787,-44.243034
16.501984,58.07942
4.560096,5.27038
20.103622,0.623261
13.462399,-6.9866724
42.3367,-2.186866
12.47268,-47.156914
13.383624,3.836612
62.40086,-29.332275
49.412514,45.424732
8.211062,46.346832
28.490194,45.481182
5.080482,-48.691113
62.286705,18.350954
34.916542,-44.39111
4.137703,-41.83717
29.399189,-21.806686
63.64373,22.009111
43.393456,18.676216
81.32816,2.4991057
22.475874,-24.984268
60.369984,17.81189
61.528248,-18.291359
51.602596,50.920113
77.25703,5.2020745
22.727268,35.95801
33.748615,-3.6636
34.342354,-45.32683
59.71551,1.7339942
9.407925,60.61657
69.19114,-3.2336996
21.028185,-3.7971244
17.379852,-12.030491
42.597004,7.0566816
49.864735,50.40569
39.01075,18.988373
55.731735,30.301548
6.038878,54.185894
29.445185,9.780951
53.742775,-2.6697822
41.94467,-28.371845
49.23963,48.895447
12.909274,-52.21006
63.81875,-18.363077
33.26251,21.014938
21.109295,56.276176
14.841819,1.3395125
56.876045,-15.099241
12.7436495,3.0429764
15.72615,-52.097427
69.58477,-17.190233
36.616096,-28.74286
39.247574,33.166275
24.084538,-24.717033
19.096148,57.7856
42.321323,31.71088
78.030075,-12.406663
5.692865,0.042003393
32.815594,40.873966
49.21505,19.986223
77.16615,-15.800384
23.030731,-30.493263
68.311615,19.301489
36.054615,-25.024826
77.35638,22.344418
17.99103,-9.428984
3.5663567,-39.32333
47.85736,-21.313538
8.562301,53.08216
27.24079,44.57423
10.404501,-36.913593
23.59344,16.970478
41.180336,8.263279
59.233917,2.0754104
77.878586,23.05172
83.17121,7.557005
11.59408,-38.99346
19.68141,-29.710384
61.519848,-29.887772
59.84956,16.93233
61.07974,23.321678
3.5867326,-5.159433
15.373458,-8.715857
72.84876,14.324825
7.4733853,42.85956
17.82952,7.3741302
22.560562,-36.677853
23.850836,29.139503
87.064476,7.427865
26.300268,-4.151077
52.770935,46.52908
22.570004,1.3496372
78.526344,-14.306963
53.882553,-18.340893
56.663662,42.72683
13.356721,63.91216
63.603523,21.369602
21.364841,-58.681347
22.16295,1.0369977
47.087204,4.2459645
34.53775,-44.584286
15.373932,23.916746
84.70577,-2.2862196
75.65418,-20.075981
76.343254,4.081507
30.22845,-32.83914
5.424424,42.369392
53.97216,42.916874
15.009424,-41.55377
4.173398,56.43065
29.775576,-28.70828
75.43542,-14.163141
39.103565,-45.292095
18.502825,28.489061
25.122038,-1.141635
34.754128,22.529617
62.062397,-24.070303
37.936745,31.030405
48.992474,11.424044
2.151479,48.606834
6.3283815,-1.9999697
48.052433,-12.57362
36.120407,-30.632612
79.91924,-8.78015
14.334573,62.605827
36.67571,22.477873
0.72193575,-30.830519
32.089207,-45.703365
16.320425,-10.19561
59.168945,0.9813852
39.18448,-3.021142
19.88865,-11.904631
37.41332,19.420322
10.180275,-39.28126
8.3306675,-40.538185
68.05243,17.05462
73.68628,-4.939673
59.11069,-27.10259
75.38483,4.27476
59.23607,10.780931
24.96123,35.318916
50.71425,40.65801
32.974335,28.042793
40.741364,-11.800276
20.25917,0.9598906
8.098578,-29.526327
82.90293,-4.244718
12.610278,-3.5047395
56.22313,28.835344
56.272068,20.706373
0.14518036,-36.844116
37.69433,-16.446177
13.047459,-7.8065577
80.248314,-1.3754727
4.4760995,10.181927
16.048386,10.055446
75.09359,-0.49803224
8.601761,35.94807
25.69171,3.8686445
41.314358,0.6719868
80.69739,-4.289035
30.539024,-23.657831
53.062145,47.809742
59.32019,-30.913374
-3.0557292,-31.940798
34.817093,34.97978
32.566444,2.3462477
69.70376,23.205517
41.965096,20.206419
51.042088,-18.080158
53.335438,-15.7329035
83.37542,7.6353264
21.04755,23.595167
40.27614,-26.751596
36.41731,18.012466
5.3167596,60.18096
3.1711602,57.04352
8.273544,-2.5180962
40.38353,14.325369
20.807575,-48.82394
8.508304,46.915134
77.59475,-8.216114
15.830949,-44.405415
16.390823,-24.372541
29.632504,2.3163924
0.8389694,-31.39955
42.37794,-30.994999
13.996982,-12.245531
44.741386,26.702557
17.634026,-29.558472
18.98716,-52.245018
41.759567,-9.788215
21.440617,-52.56273
3.4588907,51.50406
53.032036,0.22446145
6.3913217,43.064747
6.305382,60.23803
11.676734,63.54848
10.517533,-44.916092
4.638861,-2.622301
49.96095,4.265751
51.155293,-17.589268
53.736767,-2.7120254
21.146671,-7.107868
81.03773,8.595972
-72.62982,-13.350794
21.900316,-13.645305
50.372417,-0.51814795
83.34948,3.3978088
29.63858,-28.586706
0.45642725,46.57449
51.899002,5.7948074
43.975933,31.411705
42.72547,31.3109
45.812904,14.007509
87.95423,2.433099
9.917833,52.50564
15.336737,-4.7332664
73.70454,-2.4019358
34.74998,-28.588043
50.67519,12.201609
66.744316,20.157055
47.454487,19.285955
18.82217,-13.562008
33.534657,26.411297
43.04402,13.29307
11.03328,-49.613518
70.89424,-17.802965
3.1405592,54.360157
35.925243,-44.991997
57.327778,19.829689
13.07903,-28.147425
7.7819357,37.097168
55.33372,-25.52378
18.354097,-18.868269
70.862656,-0.41060323
26.99684,-29.778057
35.25435,-9.524523
4.6617475,56.002884
32.46159,40.207096
55.876095,-25.159246
29.2866,-24.295923
80.252716,-14.365392
72.16488,-20.761166
78.90053,-6.5792127
7.9835424,47.088905
7.288399,-43.03384
74.62796,-13.048611
36.393196,17.968348
45.40649,6.95259
33.19941,17.313526
24.280304,-32.739727
44.513668,-5.409847
26.832285,-9.261503
8.563,62.02462
25.608189,-35.07685
12.114688,-42.074753
27.322506,-55.607666
62.141766,22.56398
47.8912,42.747494
61.17359,29.414526
26.278675,35.552536
39.537827,27.380249
9.690023,7.6662135
25.636091,-37.847942
67.06539,13.621367
49.134335,-19.224754
86.93164,9.7767105
28.304361,1.6382073
13.282809,53.107483
45.512604,15.525714
31.419655,40.578163
88.832436,7.768644
33.470173,37.673607
23.437263,8.799293
21.248495,-54.881836
51.267563,44.501656
59.231575,-19.966408
3.71956,47.895798
1.4853041,-41.54066
15.158728,54.742565
46.91562,42.814636
56.630035,45.66688
28.152496,-6.45063
36.103836,36.585026
33.294003,-4.491066
37.709934,-42.61194
34.692177,23.683073
31.06919,-14.053127
27.647423,-15.013317
9.5622225,-14.5038
77.156494,-15.859052
8.004253,44.332226
83.65786,3.7600024
61.481586,-19.72
21.921637,-55.540726
62.90003,-21.555325
33.15273,28.408607
2.6756437,46.36408
36.252075,-23.52502
24.076355,-57.76581
52.719543,-28.413765
24.589457,12.8109665
9.870255,-8.164181
23.402985,-54.362545
24.256985,19.513433
14.605194,34.847675
8.591903,63.070656
56.09033,-12.244249
18.56359,-18.157228
42.78724,-27.62177
8.747789,67.018
59.739662,3.2278664
4.0484533,57.232853
7.216319,62.5784
76.654945,-6.2864213
37.867107,22.878223
23.495468,-52.285206
11.810177,-16.876516
34.652065,19.33921
76.95993,-12.654262
18.315125,-36.01216
16.328531,38.79637
11.901011,-0.7291796
39.502617,-12.868809
22.43583,-44.53821
14.131998,-53.964912
14.094442,-53.81273
80.79253,1.3204538
12.470324,-41.04806
69.80981,-8.460152
15.701043,-48.843296
64.042015,17.94249
38.436447,24.338139
9.998567,0.22823513
51.92436,5.75943
33.200314,44.197342
35.205467,3.4721897
13.3063,34.69231
18.216082,-12.886088
43.589554,27.425694
20.201786,-40.644936
85.12613,9.097311
25.34141,35.1728
45.668537,1.4650769
1.8257191,-0.831405
35.37537,3.21907
78.52567,-16.120405
35.1897,32.546627
33.64876,-43.514908
11.08946,-10.46866
79.75785,-7.065694
57.35179,-13.767169
47.83051,49.590813
35.616306,23.178516
76.05427,22.734762
82.7431,-2.5216122
5.182859,49.139202
4.888298,10.134225
12.497021,-41.1804
2.9360065,-35.695732
58.65717,-14.012428
31.063509,14.660713
27.938736,1.4599937
76.211555,6.8237834
9.698696,-2.1464293
12.274557,66.34128
77.343216,19.826357
81.94493,2.2947686
48.428516,20.013943
45.912445,14.562712
5.6318035,0.18728167
48.667023,-28.74976
66.526886,12.615183
27.529102,-58.752552
85.34286,0.34730434
65.513535,26.629272
15.8945265,-45.830467
2.365,49.191456
33.63752,-25.068008
49.409637,-26.236492
32.211624,-50.57248
33.23817,-44.567554
10.660553,-49.083225
73.985664,24.358927
56.010784,-19.131433
7.142509,66.233795
36.90004,-44.041363
18.704035,-12.511071
56.28374,16.354614
73.69839,-19.75415
4.959429,50.333263
46.759785,15.502761
1.6985617,-36.97069
59.814472,30.309687
71.34582,-2.2192435
21.32768,-23.016085
53.847256,3.3797715
26.51668,-38.03225
56.00762,-27.041485
37.56085,-29.249931
69.25263,14.943147
38.99416,11.538739
53.829906,27.814188
73.404785,-3.893611
57.14922,-18.323689
4.181913,-36.565624
21.30304,-57.238953
9.468143,36.820293
8.466185,8.828809
17.113058,-12.116694
8.192942,-2.5257187
36.557896,-21.33158
10.589613,59.609257
14.993513,13.096817
14.3849945,-42.94517
10.330105,-49.55949
40.367085,-26.030308
21.81312,-42.562717
31.175478,-22.789152
40.308094,9.72762
80.86851,-0.9189195
6.3640747,8.68055
22.753271,-36.261944
21.032976,-10.511052
28.666721,13.910345
57.342567,-7.0771375
10.463642,-37.256863
8.748301,36.72196
11.366087,63.86812
12.514767,37.01989
76.38379,6.4674444
77.3713,24.025446
15.197949,64.690575
37.47993,-26.512018
21.690243,14.859413
11.614533,-35.841568
45.817936,12.11653
33.25287,13.217392
76.4089,0.78125244
62.830475,-18.658855
26.834461,-16.255394
23.541157,-24.27398
16.71191,35.519928
18.843126,-0.4755948
55.476933,-0.31929186
20.909204,-37.319565
22.869715,-24.924934
46.606934,-18.07946
40.00555,32.870094
34.224552,-19.415548
86.34886,-3.996687
8.9099865,67.766014
68.44617,2.8288088
50.378822,50.961395
31.599926,36.148468
6.9809837,51.803158
48.883324,2.6757894
33.06949,42.697674
22.865227,-25.056053
38.736816,-27.430717
18.785809,-5.94257
27.953333,5.8246064
53.22128,1.3188567
15.729591,26.552526
75.173874,-14.0669775
37.17261,10.086116
21.168756,-11.319222
41.58439,15.04798
46.264156,51.950474
64.95463,23.641739
53.325897,-17.91444
35.731285,16.917608
52.824944,12.539641
11.581415,-50.722702
35.677235,-21.567312
21.967628,34.91706
75.75342,8.554153
22.0968,-9.639661
27.738974,-23.140491
42.6669,-6.9837723
26.095407,-24.712559
56.12201,18.865347
26.234972,34.71704
33.513065,37.31975
39.08294,32.50645
77.87004,-2.501921
72.6821,13.688606
63.036724,-15.253794
13.680987,63.359898
31.672138,-30.114658
52.46328,27.043858
78.78478,25.423523
30.335396,-33.037876
28.885075,-3.9514058
79.94776,5.6510386
39.77629,-27.993881
19.259047,-8.626302
6.3740115,66.53636
40.273937,-28.648598
25.771473,3.9959106
46.742233,9.006017
75.90135,18.323637
77.159294,-1.0310259
26.883944,-4.075754
38.438366,9.866659
21.409458,32.35734
72.501625,-16.32994
4.713817,-2.7136478
17.91631,16.70275
15.285687,-50.774258
14.044561,-5.301259
57.50027,-25.450703
51.71291,0.40318012
20.570484,-11.732581
83.12396,4.654553
59.365925,30.412777
15.1153555,-24.91321
4.3618274,-41.789513
37.48999,23.460796
7.183764,62.91349
57.77561,-7.582573
14.522224,-32.673454
59.13276,28.365509
7.552923,-1.9386971
50.46095,6.4845443
42.517277,-7.5724216
18.18566,-0.7915059
42.4778,7.0718236
6.0440154,44.583958
13.281691,38.20006
50.818665,12.662696
35.710964,-4.8845882
48.390244,-16.782375
20.277443,-2.439956
75.94894,-16.382977
14.845667,55.759373
78.24263,23.815454
47.93764,-12.545157
7.777195,48.121933
20.426281,-2.1728542
10.86448,-46.308277
40.164616,35.565094
61.95076,20.975945
63.11614,21.5087
12.223122,2.582082
34.282352,-4.5982323
63.004227,-18.306433
34.573143,-3.8705437
22.702269,36.65559
49.68021,6.2548885
8.510256,23.427652
61.44416,-17.585972
74.54399,23.047237
11.385924,51.831585
35.581844,-47.736935
86.665855,-2.3506093
35.62923,-1.7798469
83.61059,0.38722038
30.46047,-22.675308
51.89883,52.269264
21.963408,13.588299
53.934444,-14.980031
81.97197,2.1108394
76.3339,10.946301
45.211773,-7.143694
7.7316093,-39.210335
16.516203,-6.231647
28.14349,-6.1511045
55.06565,44.69271
6.917071,39.771374
32.68034,4.847305
43.67188,16.536388
11.6664095,-39.964165
25.462065,-38.65957
4.299448,-0.9030494
23.791464,-39.624672
47.804245,11.341456
39.14742,-8.308212
49.85083,-12.226434
9.748946,34.295444
51.305195,5.9685864
73.55582,-5.5353274
1.9594232,49.117996
54.256573,1.2436817
26.43828,32.76915
15.480281,61.357567
49.280098,20.168423
15.173975,-4.6244617
22.179815,-43.571156
12.290382,-44.169445
23.602425,-41.382233
14.947724,3.6223245
51.146667,13.013374
24.770445,38.616417
78.629814,-4.1600204
47.811825,-23.980818
48.127094,49.300346
77.491165,10.89302
50.130264,-18.564487
9.123534,-38.946964
62.615593,-29.135788
37.14826,24.713648
29.347878,13.887694
60.417587,-13.845475
23.650679,-32.597694
42.404774,4.797802
62.09442,8.190558
12.952274,-51.648396
8.995991,35.567093
46.684933,9.316944
20.599045,-9.1601715
14.061778,33.478985
37.439083,-30.200392
43.96546,-6.6515064
7.3617845,36.821106
77.49347,-3.0350585
67.45985,22.06499
50.807243,45.607018
71.42049,-2.0568972
16.390635,38.80735
11.624566,66.34213
15.619889,-2.8435576
51.247566,49.603104
40.26087,-16.021362
34.429962,16.769138
41.70096,-12.463751
4.198291,50.549404
36.61515,-28.53672
32.73408,31.50436
55.755745,45.73112
25.865759,-11.4046135
23.830088,-49.659264
16.40994,-42.394684
23.266039,-11.08254
54.88205,43.40945
58.390972,-30.411568
30.591616,8.08386
49.19835,-20.78255
29.014633,39.95909
20.523352,-18.985409
34.328938,-42.919167
14.360048,-46.30546
61.873848,-18.05522
78.377625,22.341139
80.47906,5.624913
17.191868,29.671263
35.933495,5.1376047
9.886247,-49.566395
18.749704,0.73303974
28.101564,-5.873982
59.324123,27.814993
54.056995,-12.595774
59.472893,24.610792
20.998873,-20.505352
44.188328,-8.248111
32.50573,-46.313313
4.8611,59.805412
41.033695,0.51904815
7.6838903,9.345191
58.03323,28.849596
18.07954,16.846945
45.990005,0.21073581
8.190934,66.93331
25.398005,-54.50919
21.552744,-9.50044
16.438198,38.8117
24.19186,14.177554
30.382824,2.5674381
33.733044,-27.957304
30.309376,-11.735937
27.626318,-55.9606
88.93374,8.658301
37.542492,13.345946
41.14059,0.63893867
24.013313,13.306688
84.239525,0.0029954223
77.197044,24.602533
58.9826,-20.059235
25.196482,34.2003
40.749767,35.408897
69.10824,2.5803788
47.05064,-18.091413
61.216152,-18.265848
5.4974456,45.450096
24.00688,-35.150135
35.54186,-43.57624
48.04624,-12.507411
76.16021,-17.388119
11.756229,64.91114
27.39372,0.4579974
83.09304,-4.4014626
14.91212,0.9198672
74.350266,-11.770993
79.83727,-8.812151
27.612623,-24.5075
43.74469,14.217981
25.160337,-39.40502
54.250114,7.3912616
62.850258,-20.008402
49.350044,48.36903
6.4045615,56.098732
84.57406,2.4826775
13.033161,-50.224827
54.246956,-6.383896
35.61675,-4.8023725
54.373314,41.179443
75.16525,23.545877
20.02993,16.772793
56.6563,-6.881241
15.622449,-24.774675
37.595486,15.375726
6.610033,54.102173
61.946835,15.61803
80.1933,-0.023490924
29.774103,21.488054
30.70846,-7.4093847
83.299164,4.332495
78.18663,1.5197095
49.079136,42.083588
25.074688,3.3039877
88.44816,2.2060726
75.7383,-4.4204607
39.919693,-9.580868
12.195907,-0.13452518
24.376827,-24.794914
22.68005,31.317577
28.484629,-15.69119
38.098846,-18.118681
14.139497,-4.3759933
23.927666,-44.18017
90.78387,10.702343
46.951824,47.99166
51.260216,-31.250761
14.316348,-22.670033
48.508343,50.838078
17.727707,-24.312674
30.794724,23.806309
66.737976,11.387933
82.99286,-4.486505
46.260067,16.96646
54.775017,-4.400997
65.19713,13.581077
48.41059,53.926453
3.018495,-35.559326
13.6216345,-50.42445
71.034904,15.775295
17.032713,-10.708014
50.65422,50.648045
57.01641,-28.810163
81.626465,-5.233091
20.880308,19.575592
41.49959,-30.587515
51.87152,2.3307705
8.049028,53.362373
6.120094,46.867683
49.38739,-14.999985
75.75624,-4.4440737
48.527733,-19.041403
13.372846,36.07261
20.023577,-1.6614108
52.823444,0.5580825
20.652985,-57.9477
31.647486,40.68716
64.81205,24.430061
53.773354,11.169709
47.241795,-21.74267
32.20515,31.609962
6.073708,9.24228
8.366255,-1.5498284
48.134785,-21.182228
9.033085,68.57404
13.168743,3.5429406
21.90874,17.327177
54.421883,0.69461346
14.963479,-23.325264
70.21551,-1.2576544
27.847126,-55.480568
16.413332,20.606583
40.45177,22.927216
25.767363,25.360071
19.85262,-43.52771
29.237362,4.7066545
75.26633,-13.1812935
69.45039,-3.8251162
37.418552,-16.429634
77.311676,2.369355
54.964954,-18.008791
33.16733,-44.855877
42.040176,16.412367
15.604285,-7.9912086
9.101214,55.36374
27.48865,-26.49343
12.374259,-49.562897
10.108562,-41.07214
6.2866,-4.29983
49.651707,50.690002
25.876045,-55.92217
51.02886,-28.751997
3.1466575,-37.698257
32.180504,41.132664
19.211432,-35.948963
17.558386,-17.910545
71.052986,3.0858269
5.9901915,-35.92353
40.161274,29.34649
28.946007,-14.319295
35.171967,-22.04515
34.101734,-45.884457
14.370851,-4.6471457
67.285416,19.62732
10.447616,-44.830574
40.18781,20.260729
51.05968,47.808407
35.65577,23.297935
22.51255,37.690353
43.198174,14.904635
36.324894,-31.925117
76.554245,-5.3381433
41.253933,7.995473
17.580805,29.488695
54.505554,29.699272
39.140366,-8.151975
10.991516,68.122475
17.631311,18.247044
8.432454,66.25954
63.687057,-26.192442
10.55785,51.848854
22.81941,-31.389084
50.955757,50.943172
11.956892,-44.636734
39.3528,33.900013
50.84313,-0.36495993
62.8497,29.179705
5.6714053,-37.167908
51.31642,16.698292
33.59804,-24.753494
83.74348,2.4719036
28.038391,-15.339578
49.780197,18.242117
23.547783,10.680362
39.392006,-26.825752
79.26279,0.2393156
58.36725,26.951185
73.098076,-18.596678
20.786705,16.780859
11.423982,-50.492195
67.04378,11.575681
20.276356,-12.072664
36.881836,-16.58774
78.9059,-11.495339
50.648808,-0.86744136
20.155785,-39.335663
76.10874,18.359373
28.047325,45.47233
39.17834,-13.370671
45.8452,8.157447
47.112022,48.29787
84.065186,4.4569817
49.131676,41.55773
35.978764,18.692886
23.897913,-9.733805
40.45496,6.5394425
77.327675,24.014938
18.393978,-0.22560024
76.98283,21.232647
59.491394,1.821249
10.9205,-51.8915
13.228547,58.057484
24.82386,3.0933108
82.75498,9.587637
-9.540368,-39.061768
14.824575,-43.45478
64.29782,19.740355
85.57513,-0.23515669
49.248642,24.556963
13.639091,36.35233
38.95905,-24.678867
60.983433,15.032278
29.497667,-37.534744
50.425934,-15.053722
13.118769,3.3046033
82.30024,1.9665741
22.406528,-44.842194
73.77413,-18.474096
11.208468,-10.851792
58.565426,-25.305845
16.851889,39.065727
35.684937,21.13454
44.589684,49.20264
12.212444,61.128544
6.6720676,28.333382
50.770393,-10.201658
26.059107,-41.906376
33.08782,-48.56668
23.152231,13.422199
12.463103,-48.890076
13.285482,-53.00878
37.04248,19.911087
79.92187,-5.1127925
39.201786,17.0157
5.3741555,-41.15327
43.86212,3.8887653
15.43898,-53.841724
52.30771,-18.05939
51.981068,48.357876
37.31678,-42.28624
24.817738,-11.676803
52.377068,49.392788
4.7544527,-29.148975
19.572718,-43.952953
30.075218,-28.862284
23.169273,4.692708
51.673164,51.369194
46.049377,1.8629951
76.71703,-3.7868998
35.908783,15.531576
13.078368,-52.34208
39.841133,16.13762
32.44016,34.358128
21.81111,15.290536
7.5636725,17.784554
12.837775,-6.2710233
57.575462,3.235741
64.27963,17.868057
42.77956,-9.610773
3.5619655,0.76121986
23.891981,29.148874
9.0962,2.6927898
48.730682,17.33561
6.881931,61.996273
19.278719,8.507543
16.530409,32.172855
9.395582,-14.664847
75.52658,-7.035483
51.31119,-11.366103
25.781174,-5.275332
76.50198,-2.7727919
4.310029,4.463117
39.59126,-28.261745
42.214275,17.041151
33.450146,37.524082
20.265673,-30.003716
16.693455,3.5647717
42.681297,-2.7086642
81.65654,-4.436841
15.785268,62.730373
60.07142,4.187338
71.605576,-17.634972
53.750828,0.23522821
48.54209,0.20328617
75.08806,19.864174
5.49295,9.084188
46.0901,-2.657068
32.914055,-21.151878
9.204601,67.3593
53.00394,12.353803
71.31181,-6.1211905
24.666695,2.7701423
40.73204,2.8632607
9.849895,-40.25634
36.320683,-21.707098
27.214758,-43.785282
6.303311,66.77032
9.075533,-40.130333
27.447021,0.3400286
58.726982,-22.064953
22.722723,36.311275
28.948315,41.262424
42.363132,-29.481947
82.54585,-3.7907782
22.00754,-37.674114
41.545685,35.17723
50.580914,-16.779716
64.00117,16.190214
77.889656,-10.121273
75.53059,-16.03282
30.150114,-32.72999
23.279816,-51.885567
87.81137,8.053497
11.363419,56.352093
63.295086,-20.208233
47.256477,22.183287
9.703727,-41.4802
22.002321,-7.1701508
11.0182085,-42.757393
15.390034,-45.702282
-0.89457124,-32.35405
30.66428,-7.404963
75.49455,26.090586
35.97934,-29.264133
11.441663,-1.3456591
14.500674,62.720795
12.22549,-16.955921
17.128101,-39.15446
31.150297,-55.199074
27.49228,-34.072914
80.25099,-4.0602026
24.967497,-25.397621
47.818394,11.055319
42.69594,-7.873611
39.021004,7.214145
26.806683,2.681329
44.204063,8.532236
40.917484,8.40567
18.467712,-4.858662
29.438211,2.268801
50.576283,-18.271315
39.377403,-6.8090615
13.605295,-55.732784
16.188028,-32.372864
48.44756,48.991013
87.450455,7.223051
3.100975,54.319332
86.014305,-6.23733
28.407187,45.44518
33.976204,16.147556
44.936222,-18.23019
50.963085,-22.134216
4.287104,-1.2843181
56.96457,-7.229249
34.93252,-30.868248
32.774754,-47.61443
27.020288,43.64861
57.32294,3.2462058
27.780228,-27.644957
29.10161,-40.106197
66.562386,16.995182
59.84994,-14.495486
13.34965,3.4943306
10.79151,-2.8746963
33.19825,44.12221
25.57223,-9.65856
9.87455,48.737885
18.6493,-11.426905
41.570583,22.957027
36.874355,-18.43037
16.672031,-42.182487
0.97061217,-41.11934
74.683586,24.569677
1.4953595,-29.63662
37.72857,-24.164383
54.44256,-0.6409891
6.3299937,8.832751
70.49488,18.965925
77.299904,19.75381
54.5087,50.685295
69.84794,0.9528291
46.98502,7.9311757
69.782455,-8.387423
34.33512,2.02275
5.8383975,8.765426
23.643217,-49.65621
24.044151,-35.51641
51.58075,-30.046818
13.535023,-51.098698
15.611712,62.849785
50.62794,21.41451
36.26386,-45.069786
22.647137,-32.13174
33.70068,31.676146
79.64577,25.034437
15.161081,64.07802
38.41212,-32.608643
38.51486,-34.048992
51.58277,-16.73048
52.47627,-14.056556
57.567245,-7.192041
12.047786,21.184404
51.795696,-15.249041
81.53818,1.3435283
79.343025,-11.843099
52.40064,-18.017525
8.369873,11.009109
33.283382,8.268353
50.382626,-9.966889
80.91397,8.380505
36.46541,33.09615
38.845974,-15.129247
72.89123,19.496195
28.361774,-55.201153
50.12949,16.84427
43.39464,23.351767
29.042738,40.7175
45.160694,-9.372688
5.6107373,-41.293995
27.147694,-58.657227
51.86102,2.3532615
4.5583844,57.106644
56.1595,25.963451
52.781338,1.4655285
13.721147,-48.946968
79.45354,4.609449
4.241104,-32.346634
56.68213,19.80319
60.82506,-19.716427
5.3616157,60.273056
88.91941,-1.250801
6.1712165,50.825882
7.5737047,58.97932
63.2913,13.617006
5.073086,48.73702
39.207195,-25.510017
27.843634,-13.075749
83.23187,-4.987944
17.1565,-41.999233
40.452095,17.943209
16.197786,-20.289438
77.322075,-2.1788125
56.545536,44.63456
29.952143,-40.24849
81.10841,-4.3620715
44.999947,43.961025
45.940964,50.750164
52.465115,-25.69464
82.76209,-13.587965
2.6109445,-30.014963
27.512056,-27.984034
20.90035,8.298924
76.43184,8.874987
23.768011,24.735424
21.228514,14.406206
64.518394,5.779988
47.451313,14.5559
10.7819805,-39.997543
-11.218758,-38.983173
40.43893,17.86828
58.04943,27.459883
7.1704316,-3.1769443
65.90822,13.204643
37.826283,37.38547
68.98624,10.884798
38.26036,-23.881332
62.259373,-19.812214
18.432463,28.671541
54.21032,44.25768
9.744202,-2.5127451
55.717934,-7.3381805
21.459013,-25.628094
21.619501,22.678633
20.169321,-45.60077
54.319965,28.90635
46.472076,16.92052
28.081484,-8.146741
37.75543,-15.587414
12.509047,60.831264
53.326942,-25.920269
52.89348,45.40121
51.054466,44.55872
24.629385,38.58423
7.439294,37.51403
38.52812,-17.451263
36.81782,29.442741
6.366403,54.121437
20.377274,-39.04015
44.869873,-1.0222224
57.492752,-13.2520685
45.050545,-18.55881
29.354183,-19.807426
8.755596,48.476387
49.001595,52.09574
56.179806,25.97745
32.21704,-22.064062
31.878338,33.998352
17.971197,-35.577114
35.11769,-10.074324
17.87027,-4.65667
10.887776,-4.6587853
30.357922,-17.253763
24.766504,36.52984
47.755157,52.786655
38.0374,-17.558712
31.969345,0.9828004
34.260788,-4.114968
19.508434,-30.717047
40.91106,-33.19282
24.586727,13.578228
23.830822,-24.986341
34.619602,-21.308212
62.994915,-24.633883
48.89799,-6.9465504
32.76656,-21.6991
6.334119,-46.18188
33.515995,-47.98699
40.980556,27.945461
29.05279,12.508651
31.536716,35.19049
23.741463,-2.941554
32.87617,-46.343174
42.99059,10.029032
67.91043,2.380282
31.852026,-45.43597
68.06515,14.637314
13.698938,-37.355408
31.18659,-41.664654
45.63592,49.705967
25.588928,-23.72566
8.473625,-41.84761
32.548203,-21.883535
9.03473,55.983948
24.284962,-39.61398
26.263435,-58.999302
34.33575,-5.9696326
22.145674,-4.1018806
41.27794,16.82158
33.14028,-0.62907237
62.31939,27.694164
52.10247,-3.7895446
10.64486,0.14540017
12.060797,63.782772
42.72927,-29.202665
35.652203,-45.06328
18.944698,49.71078
16.81656,-35.274826
72.998085,1.9554771
32.626694,-45.212154
35.70116,11.807569
25.460455,-12.40952
43.26845,-8.691729
37.151066,-24.3318
6.7089686,0.7376744
6.1975713,43.323498
40.252357,-5.877572
79.27535,-16.551165
34.394173,0.34914702
18.630686,29.12392
56.111412,43.056087
14.211092,-54.406948
24.26094,-2.1198392
44.247677,17.274612
0.58561563,52.83314
10.8677635,30.571487
30.540813,8.771608
28.926992,38.280163
37.827625,1.7912254
27.424185,-27.227566
65.43333,15.176225
8.571048,-16.27287
35.680313,-5.5993304
50.450638,47.621895
52.23638,-28.078472
69.320564,-3.5012217
90.74401,8.980042
30.855303,-20.61782
52.943172,-18.580769
70.38821,5.8946724
86.547356,2.3006601
17.550945,-51.335075
40.902924,34.27814
6.948703,38.252625
35.57053,-4.9382334
27.518717,15.10885
53.597195,-27.943853
13.505735,0.83207333
44.008827,47.766945
57.176445,29.31401
7.2750955,67.00981
68.45844,8.238819
6.03355,58.82011
28.659847,-4.158981
29.01583,14.913998
15.964337,58.315006
27.647911,-24.661352
87.51718,-2.7974474
23.054684,-3.1968615
40.86853,33.945557
37.84282,-6.204968
77.28366,-4.5010085
60.913307,1.3275713
46.817875,18.509832
26.101017,-9.490604
38.02362,34.188473
4.1434865,-5.0375056
13.065752,60.756645
24.954317,-6.9989634
22.327042,-23.856705
48.2476,46.58193
15.491967,-27.911514
8.3663,62.821102
73.97936,18.268158
40.60855,-27.402418
22.863686,-44.78654
26.154171,9.021645
17.282728,-48.334373
2.2441232,-2.0558767
64.44367,20.446575
7.1880465,8.831168
5.102294,-36.88237
31.518288,6.0501137
57.66351,-18.111555
19.687252,57.63769
23.787146,2.32848
57.21284,-28.316208
75.943344,-14.328507
12.846406,62.075474
19.807524,-45.1
21.36937,8.975423
29.624525,-17.078945
33.463055,0.7550942
84.74175,2.0402071
3.9892447,-2.6453812
6.766983,9.687946
54.463776,29.898626
78.824104,7.808591
25.035954,38.00508
55.433258,11.494808
27.317535,-34.85693
58.20132,23.449465
52.0616,-1.7530174
10.087469,68.11373
62.035686,-23.94216
50.843216,11.669755
11.929123,-3.663647
13.078777,-23.320246
18.342064,-18.850527
15.567116,64.6351
42.59861,30.403267
5.2455883,-1.912432
7.3378577,-48.532906
36.17204,-18.538542
56.533745,28.976572
78.26273,-16.109774
77.76841,4.4119096
15.050818,-25.65322
49.673996,49.24587
8.96105,66.97612
18.589043,-37.415653
7.7554655,37.05609
12.616505,53.3743
12.184906,-42.93233
10.365532,58.335495
59.950424,-15.67035
38.7119,30.4625
84.70176,-0.035095744
18.784273,-34.39976
14.560694,25.072182
46.21791,13.67101
14.150913,-30.084105
37.318985,-8.493568
33.96834,31.058508
37.228027,15.511755
48.1826,-26.69596
53.21853,-16.271294
45.646324,52.376984
5.618813,37.568066
42.66187,22.671762
2.4776793,-29.988026
12.386073,-6.9830227
46.44493,-19.810297
59.251644,19.701368
29.472027,21.420462
59.769287,19.574848
40.703068,13.37701
14.601943,-30.776764
8.599273,47.026802
87.5025,1.2246661
31.313068,26.400984
10.135947,67.22236
33.175144,-44.21689
5.2660813,-1.2717576
39.239414,-31.34474
69.85098,16.545286
60.652763,-18.92741
33.34413,-3.930441
29.441925,-13.365331
28.50349,6.1815586
36.00475,36.34057
60.253155,-16.621475
31.526102,-51.395485
18.902407,-34.506557
61.7626,17.083263
55.454086,30.366026
51.062363,50.808113
15.821587,26.635933
62.66151,-21.257954
35.820732,19.674377
25.532236,-52.65133
10.048165,-44.90472
31.620949,15.558069
52.23561,-2.6142251
8.824302,44.901573
10.505213,-43.616875
19.048088,55.802
3.5563946,-39.60751
35.915142,11.9863615
14.688332,-52.657593
73.38056,-17.71736
16.006353,-51.861874
3.9791849,-36.972202
75.10007,24.78969
68.21336,21.138432
49.97859,6.006823
14.917155,-45.068024
13.22274,-44.768566
8.743719,10.789292
37.10245,35.71172
49.69848,-25.80128
26.638845,-26.730505
15.112937,-53.645718
12.507021,-8.219055
35.47768,-16.320148
29.097977,12.744454
14.491702,-20.931776
32.95797,-42.308224
77.75312,-20.12495
11.813115,-26.80632
39.0429,13.928689
44.884247,49.04902
85.8633,-6.5669947
58.734974,-31.857353
45.201107,22.484528
83.06216,-0.40287694
14.357943,-50.06926
30.191301,-7.3578835
3.0284011,54.23938
56.77569,-8.007205
29.025072,-14.469996
70.62428,-8.925031
46.658142,-5.9430027
74.38585,-18.236391
33.242493,-46.537445
13.043263,3.72392
29.53455,-26.428385
24.848343,-54.512764
46.24822,3.775446
45.876957,17.1084
17.434254,-17.865103
34.38434,-30.57499
57.9275,-25.77465
84.49665,1.4836905
48.95538,9.655505
62.160015,-25.04597
29.60848,-44.464687
63.258343,14.421505
36.685883,15.623926
12.091989,23.806952
27.956177,40.708454
7.128307,58.93308
32.16702,-23.465353
18.499876,-6.9904246
30.006702,28.62403
45.4957,-1.1358467
55.13295,-6.7668595
54.47698,-12.852978
16.04259,-20.91923
26.039871,-53.628365
52.03599,0.5271953
10.324966,10.565207
1.742485,46.842094
52.116364,-2.1333673
59.28962,22.70512
55.43992,27.413677
13.013056,-45.739292
29.372744,-14.474412
12.401066,60.349426
49.93026,46.792084
36.261974,25.16231
75.219864,-6.2018123
46.957233,47.085194
21.581537,-58.31833
20.95266,55.080765
83.439316,3.8347838
24.287003,-56.442505
42.930904,9.450274
49.873253,52.334267
16.31312,57.003834
12.565925,36.000587
54.997707,45.554874
42.914055,2.1919718
42.8341,9.52934
23.72515,34.443527
77.65494,-3.6913178
49.701313,15.341182
23.120913,16.469402
59.49828,2.1412375
12.565431,52.662712
35.551933,23.027586
44.271355,13.829155
60.438103,-30.263525
41.85885,-12.370273
67.84259,2.221943
46.95516,9.670178
13.912017,1.6470234
27.753235,-46.19283
47.522087,7.191034
60.9429,23.807196
13.989668,-29.984188
12.37569,36.604492
11.115186,62.84974
74.91528,-0.6805007
49.987377,-19.481926
35.818638,23.888891
20.853783,20.416462
76.58696,-15.558559
41.084087,-3.3735125
15.563693,-27.408943
59.712734,2.6393452
61.24902,0.8290234
35.479668,-31.17832
80.015434,-11.803905
34.751686,-44.26425
13.048325,-16.37953
9.056548,65.39549
28.594547,-27.833744
36.849125,-17.834148
35.777523,-14.871619
79.63786,-11.146463
40.742172,4.0223475
31.377224,-11.701369
17.146355,-39.175472
31.377895,-51.42626
76.65152,22.888676
69.78113,-5.068628
21.723415,-38.284412
21.990208,12.83212
76.95589,23.368074
1.4027146,-42.55408
21.19337,-32.916626
14.516423,25.16849
9.638886,-43.005882
16.299025,59.484306
32.66621,42.60025
28.416973,44.60915
30.173407,-39.94127
9.195819,34.36964
2.5151284,49.247986
45.444637,9.174094
16.13492,19.147457
6.272614,52.36103
51.730267,-5.5265684
8.775747,48.07913
56.83714,-15.162046
52.25534,-2.4389393
36.427677,35.08571
20.35418,-18.953959
48.80298,-7.015886
12.558728,-50.42271
48.63628,12.376573
53.71735,-21.908321
37.698227,19.619148
65.29436,18.312485
12.118235,35.74493
12.224156,34.35949
59.32854,-2.327816
40.757053,-30.241323
77.98568,26.217432
48.405495,50.86161
74.91627,-17.590755
3.9757698,-34.982674
24.723915,-58.100563
36.784077,-27.345524
86.434525,2.439359
25.049648,16.777105
8.9406595,61.43392
76.15239,-16.410116
13.540879,-42.07171
41.61587,19.18335
16.51961,-36.2046
28.34888,-26.696722
25.750113,24.535301
43.381756,18.562517
26.978857,1.5453007
38.32008,34.52927
60.36438,-16.28078
6.964904,-49.364597
85.48554,-0.8376673
66.8467,17.459072
41.064564,17.743185
21.064178,-12.509344
50.32929,-21.065676
58.566853,-0.64582205
57.66936,-24.860165
17.70865,-30.928238
78.07774,-9.952764
67.965416,9.107326
22.2728,-45.405228
30.455673,9.361329
36.937603,10.866657
31.560848,20.303667
16.246496,-42.74915
15.2689905,1.3790698
20.961636,-37.529842
53.98044,50.934654
70.662155,-15.73891
87.47666,2.4380717
24.52169,-56.728233
65.40245,15.281457
25.04735,34.636513
47.83297,42.54316
24.713121,14.765909
76.09836,-13.182242
76.84621,-13.317893
30.540775,41.8399
32.85687,-45.184017
70.52644,-3.734808
13.959927,-44.266823
12.022773,-54.24477
53.299675,-24.254929
67.32649,-3.0760999
73.06866,26.173346
64.00848,-26.349148
69.563255,14.278752
7.2284827,67.57201
79.0623,-1.1755661
23.640999,-21.889862
33.9885,23.49785
29.861582,43.932274
47.074776,44.28326
51.427555,-26.605242
77.51422,23.946503
35.85456,-30.260254
6.996694,-51.26222
43.037224,2.9515514
56.12782,30.31769
40.173805,4.5335083
39.996574,-4.3008957
8.718901,8.809597
12.955129,-49.56166
54.151253,-6.7281923
64.15844,28.643242
11.120187,35.436096
27.540632,-6.9888372
83.39406,4.1912546
45.856796,52.847546
14.585029,-20.879957
36.91861,-31.291815
66.95099,-13.342514
35.116432,-41.33963
40.830006,3.8528576
48.527706,-21.52355
29.543604,-44.18416
46.877323,12.781273
14.867631,26.700321
63.47499,23.76233
9.289673,-48.11131
29.446447,-37.543007
45.56218,45.223316
21.729385,15.316316
78.68367,-5.200853
46.80096,42.716064
65.784515,21.731054
23.77096,-14.9688635
4.771354,-39.08456
66.73268,17.614283
44.384003,28.38743
63.47536,28.38763
47.858513,-1.4294348
60.86409,-22.488598
1.974369,-36.666454
16.174032,-25.72746
27.122824,13.655283
43.24044,7.4274797
62.158222,8.351997
17.575432,12.64071
39.882843,-20.04902
6.4586287,-45.400833
60.82306,0.7280363
76.36654,11.00765
34.885933,-42.59217
17.450201,-19.426153
18.862364,27.212774
45.738773,30.687302
13.233897,35.73514
40.768322,20.198772
14.371607,63.81928
16.8985,-17.29736
78.84494,7.6994047
57.0135,-28.719326
43.438488,3.5532353
5.279517,-32.510162
30.650625,35.19145
80.713165,8.199745
4.6905775,-2.068835
9.285451,60.02494
19.667141,18.284464
32.68068,-31.585146
22.783884,36.465374
17.051619,-8.44496
24.77922,38.67436
37.87411,15.80736
11.500474,60.390648
29.554243,-2.6165776
25.209307,34.28526
27.592678,-27.209099
25.095924,8.679879
18.889761,58.63245
27.424505,45.39721
22.523537,-7.0670724
53.164566,5.185798
63.04619,29.271471
61.41729,-15.87158
45.013348,-0.73573256
21.976738,-46.642563
86.961174,-1.8409873
48.470623,-26.157799
37.16004,-11.635681
24.90639,-1.6192559
56.702377,-15.082643
7.5135674,57.90393
38.13071,32.102703
15.305181,56.926186
6.1091266,-4.4878707
43.07115,2.1785512
55.702396,-27.138306
20.576233,0.59563136
15.570864,23.795534
18.55238,15.18516
31.679829,-17.089233
76.07843,22.787647
24.368195,11.040481
51.433605,46.733078
5.515382,-42.413425
7.007122,42.66659
34.737175,-28.716038
23.135643,-4.6713147
58.36305,-15.100778
77.06051,22.004143
37.702423,1.6105527
28.697638,45.65744
61.314728,-15.875421
28.478786,-54.75814
44.430065,8.308585
57.34348,17.41706
37.26444,-18.90171
72.513695,13.855355
42.225758,30.888977
59.76016,20.648273
58.297726,17.952784
4.4496727,53.334743
78.16495,24.967936
6.5290117,-45.293774
23.094011,16.003271
11.420924,65.34871
32.874027,-10.725321
4.362198,-37.54296
57.752506,21.7423
17.23927,-24.290073
46.07135,-2.9301963
75.84418,-2.8171506
31.957829,-39.88258
77.03539,24.50515
83.239334,1.6514091
54.29296,48.751236
78.50689,4.9388804
32.19022,34.598038
14.557078,-0.79519075
19.23122,56.770676
-1.2629977,-32.31724
71.99671,-18.5664
40.529552,-4.9147334
19.738792,-39.617714
79.987465,0.9029495
20.252542,-15.318769
75.6335,-14.794499
46.382286,50.964603
32.2548,34.646767
75.33591,21.930128
39.76417,-4.1721344
17.07285,33.518265
56.202248,42.14967
36.39917,24.583595
55.020897,19.773302
31.921429,-25.566807
16.246004,-52.95897
50.394653,18.517675
83.63315,1.7868043
38.73781,-47.022408
9.94653,-46.070908
56.62196,-6.74979
32.0716,-5.141202
59.546318,-2.6939387
74.50711,22.80297
21.663845,15.683744
26.409609,0.28219077
17.447031,-45.87442
41.131092,27.565434
47.99196,15.082238
22.0823,-12.18892
40.77318,11.153328
40.030056,-10.221082
6.8080587,40.153843
37.041965,22.712305
50.715054,-3.0489132
22.122885,-10.711339
15.522381,-23.05094
16.72203,-32.977955
28.14255,45.46782
40.167805,-45.39879
7.0993986,65.75239
17.985796,58.26221
69.846634,-1.6746675
56.12889,-0.1888123
25.099125,6.23898
80.44899,4.8418097
44.635826,14.195693
15.874691,-9.977547
37.297394,34.97343
26.030725,-31.138933
12.242792,3.3484857
44.723858,20.626215
78.85668,-11.762389
64.38111,-25.790455
22.608912,-58.2682
31.110384,13.715818
79.45076,3.9367313
75.04219,-21.124325
18.198011,-55.601166
50.151264,10.87342
4.2537646,53.173717
12.310597,37.094162
74.19308,-5.2879467
67.30444,-3.0690067
82.039474,-4.369353
25.12857,34.669476
32.128876,19.160973
43.06091,-0.9226971
29.030901,14.700233
46.02463,-4.05247
31.9565,-43.70781
43.505253,1.3694729
28.684856,44.0712
24.13281,-50.366116
10.308499,-1.0739559
14.150459,31.877287
26.912523,-26.363008
37.688164,29.589327
42.021984,-28.936848
40.66838,35.81539
16.463432,32.16029
26.74095,-25.263021
5.201739,-32.630547
22.572258,-44.821304
73.92888,-16.892002
3.0763133,1.6108706
11.715215,-6.4041953
79.7253,-2.131103
27.021679,-0.4977706
46.31051,8.079334
57.51893,29.23252
57.422962,-6.90027
40.83217,20.129904
9.939703,-6.850213
30.47179,9.492364
14.933955,45.02152
49.612087,-22.140676
53.34546,5.12155
45.058956,9.570602
18.503159,-50.079933
13.370225,-43.421017
49.21128,24.660288
40.285656,29.34394
4.8800883,-34.444546
42.899914,28.588884
49.704193,21.378319
25.839415,-53.57842
5.2998595,59.84466
35.95912,-2.5391126
38.56479,14.883954
61.426193,-20.90731
8.454237,52.860718
22.146715,-56.103924
54.184032,-15.792145
76.43154,3.901093
53.116333,49.64355
25.043966,34.173588
19.28511,0.07011997
41.41526,14.811225
37.68836,37.06376
20.976604,58.70529
54.198784,-32.32818
2.6007156,48.241875
23.041182,7.3073645
50.175446,-0.4805377
62.67166,-24.239836
8.692829,-2.6322348
38.219143,-32.853966
25.539341,-13.008565
33.98933,31.854486
39.799877,22.703241
23.416706,-13.173955
10.596119,2.739335
21.771206,-47.306046
15.004227,-50.769318
33.130787,-4.1029534
23.67967,2.3127794
15.608009,-48.26327
51.250004,-3.0365539
37.577835,16.31525
22.674665,37.587658
23.138313,38.390327
35.25823,-43.283813
17.93453,-34.809235
38.075775,2.930705
68.82725,18.915817
17.205265,-47.86286
60.233227,16.555532
9.70355,60.73442
23.373833,-24.12925
77.29192,-14.506711
46.997814,-23.592966
0.5203887,46.60548
8.497177,-16.454369
35.386456,-26.793478
80.472336,5.172857
19.046875,57.949886
43.158875,9.22134
83.01255,2.209622
48.51205,47.995106
62.06291,21.003654
28.628576,12.227711
32.559757,33.532078
44.245533,-2.5675404
75.55336,19.7502
58.53159,28.754034
29.89528,-47.38819
76.41579,-12.07991
43.42135,34.136623
-1.0850732,-32.316326
9.117,58.480694
50.200024,15.2317095
70.92623,-10.005135
11.330427,-49.918762
27.796593,-59.10162
49.48281,-16.345846
10.438313,67.54423
34.120964,18.303879
42.14353,32.23415
27.579556,18.616016
43.85068,23.44519
76.683846,11.0696125
82.86911,3.3226364
65.94165,18.981394
52.42303,19.085527
38.333668,20.905727
62.596394,21.022924
39.64179,-29.057825
61.65679,19.114754
13.407185,-45.291065
52.382153,51.21279
51.18395,16.558487
43.724525,-12.4901705
62.035667,-30.00119
23.231724,-24.593512
11.556334,59.396538
8.528553,-5.4436927
40.118958,-19.919067
13.52444,-27.582037
8.658175,47.25246
21.791147,-25.195944
2.541254,56.55602
9.339896,52.24054
10.926218,-41.893105
45.891483,0.13576776
7.586863,-30.17679
27.16454,-12.97129
31.38497,35.36132
14.792075,62.12652
6.9889383,-5.243543
41.38189,-31.135122
13.331833,36.282818
34.121174,24.660372
48.233093,-15.1352415
12.986913,-3.1598802
40.609734,-17.30237
35.699627,-43.103092
39.074215,-12.436935
53.171497,-16.502548
5.802196,43.42541
23.075253,-25.614805
20.07866,5.2129784
60.901352,20.438244
7.9091926,69.111534
36.221397,17.983452
55.474514,-6.604949
4.2729597,57.080658
76.56166,19.768147
58.76822,14.509297
36.912933,-31.039541
41.983727,30.848995
16.962137,-37.38165
59.287285,21.325478
25.160564,35.355072
33.907703,31.301418
13.161154,38.76646
10.3952055,63.7708
21.78603,-57.05573
35.58982,-13.6959505
2.27246,-2.254982
31.707455,-39.853596
45.103767,6.6061287
45.709557,26.020666
58.294205,22.423918
23.747372,16.159363
31.849737,0.9370665
23.406624,-0.3669888
34.183926,24.252748
55.040585,-16.314386
20.600485,-32.622692
61.2224,-22.338202
63.98388,16.159658
81.198135,4.208565
62.550983,8.630402
60.36115,3.0008895
28.01674,-42.118313
72.336205,17.478786
31.351828,-22.401026
40.867733,13.1586
56.80843,-32.00926
73.819496,-17.829407
26.203627,16.011593
74.72493,-7.4717064
45.84559,-17.913734
50.05177,49.90365
35.984035,23.719366
37.08267,-11.465775
77.717674,-14.645317
66.990326,23.857483
76.88251,-13.348573
11.757686,68.07474
14.047234,-52.200207
77.007454,22.992237
70.16577,10.733461
51.826168,47.206226
59.828987,2.6611214
17.581142,59.38122
10.458958,-10.360225
74.63891,7.5693502
55.6283,30.678732
21.300844,-57.326645
54.508026,43.64597
14.480857,57.58855
9.492052,-2.7844064
18.159088,-10.787
50.970123,-11.754355
12.745145,35.205845
11.485328,-32.757572
9.023261,46.95041
23.534542,-10.93662
18.288733,24.708546
2.6391423,-9.441416
10.978417,-42.07928
73.65632,-13.876168
16.046349,60.30929
17.895311,-32.32294
10.502903,-7.184691
19.814508,1.5643922
6.3958573,67.516304
72.96986,-7.0012393
4.7805333,-29.03844
45.111374,17.500675
24.751337,33.78656
73.34687,24.262482
16.897741,-53.563156
1.8154172,-0.8051407
42.718544,-9.486701
33.93047,21.851618
34.06823,31.354813
45.591274,14.044278
23.449923,-55.96734
26.844307,-59.2325
28.409044,-26.736637
22.91276,-54.0676
12.044441,-48.358685
37.722473,-13.040636
81.1934,4.068398
23.842302,-49.457127
9.142694,-3.5679216
18.87803,-47.803825
1.8191004,-38.07949
56.055645,44.45783
49.42768,49.117912
25.632648,34.93591
24.416634,34.580227
49.95733,-1.8380665
56.951893,-27.836987
28.210869,44.54172
24.526741,35.649754
22.433493,-56.06601
58.817253,-30.495802
35.75454,-31.580126
25.544744,15.308555
11.254864,-45.885605
32.547577,31.555191
59.370556,21.346148
21.307924,-35.921673
43.611023,23.998232
51.839767,46.837166
28.505737,-8.060011
51.53568,-26.610336
6.117853,10.365414
51.017174,-27.22163
52.00639,52.44751
10.075707,-50.988045
16.667511,-19.628967
50.03685,-21.86974
58.04954,-16.762627
14.306252,-53.304752
47.01058,46.97479
55.854195,21.942003
78.18007,11.726792
36.380257,13.608976
7.935502,5.560502
23.228107,4.3665285
12.360217,35.662933
19.389082,-30.529465
13.47128,-23.198809
9.832522,-4.0994654
53.48502,10.024685
28.527164,6.214121
62.28204,28.1263
13.803669,-48.890022
38.652992,20.76019
20.929604,-11.472186
83.873825,1.305208
5.7347198,56.09215
22.240166,-14.774781
36.081177,17.134525
12.141342,-38.267044
56.554726,-7.494233
16.824883,-15.715557
12.6772375,35.107567
41.375687,-29.960632
59.412098,-30.89544
19.09842,58.673588
67.35328,0.6419141
14.669235,19.137691
18.151085,-55.565224
4.6010275,4.616229
73.924484,-9.878569
7.3158493,57.54937
19.149008,12.659833
85.410645,1.1560153
5.819913,6.090606
34.833416,-45.65392
66.574844,7.909211
31.357891,-16.140772
7.112168,37.74401
32.258392,-4.9898806
74.73186,18.990007
7.050047,-6.1441174
38.24367,-28.11074
52.294838,47.45416
20.986725,14.154119
22.168137,4.621835
72.61511,-12.3838825
32.20682,-25.666222
43.561764,45.617893
27.247688,-35.607544
88.647644,7.763481
58.479786,-19.634949
61.13896,-29.992584
58.704834,-17.294651
34.096996,-21.75877
79.15253,-0.13993618
35.89827,14.902625
25.532536,35.277943
4.4444523,58.30999
37.325,-44.102867
11.696324,-40.78479
50.445667,-22.708195
59.87616,16.924559
58.32524,1.1044483
74.8017,-18.794544
12.646483,-45.305653
6.579892,-34.51349
23.783333,-22.749744
45.971546,30.615679
17.38836,19.990324
12.212938,60.20272
51.108448,-22.158117
12.213086,61.129932
11.13291,62.679
77.43605,-14.014523
50.710342,51.640297
83.214905,-7.6125913
56.52967,0.6755235
23.508121,-54.437443
15.333974,-8.303552
69.29116,4.1969194
48.06575,19.655283
77.9914,1.2483535
73.431755,2.415292
42.50184,31.77361
22.10762,-2.36769
45.954796,5.1867
34.14793,-0.9282352
76.12558,-17.354841
44.93015,27.38706
29.450043,-37.256493
51.431507,14.553434
15.35272,35.134377
49.52614,2.8419816
33.02674,-48.60546
12.579738,51.409515
74.67457,7.760193
18.240326,-35.261272
12.6762705,-39.554607
19.960533,-0.94517565
44.627975,-17.925756
56.0563,42.52057
58.849747,0.8628417
36.279106,-16.35336
5.299089,-33.62306
11.505684,-42.128506
39.22605,-12.51905
43.823875,-12.470207
4.7911463,49.752964
66.59502,9.916481
62.90988,-24.368498
54.15586,20.485275
10.840523,-40.85623
26.212992,34.90197
19.179941,-2.6008184
39.64405,33.838696
3.4925177,53.337193
7.116417,62.007065
44.125088,31.674889
9.445322,-21.040766
79.829445,-4.5197015
32.590508,-5.1020856
10.859123,35.071198
21.086212,23.654398
9.450623,57.607548
16.610966,-37.68901
24.58974,-53.28699
51.02346,-22.1739
43.865776,16.66451
28.493484,-54.730255
56.21668,20.52932
88.44485,2.5823722
12.511355,36.1688
55.57058,-18.982616
40.658615,28.168472
46.983307,7.9950523
41.619705,-4.107769
76.053696,-3.8591907
50.67953,-27.205093
12.444017,-50.34122
78.60069,22.532152
56.884064,-7.19237
35.48104,33.74197
78.44901,-3.4560397
20.089418,14.54813
54.652737,-15.98017
63.988842,22.449562
50.5074,-19.170696
21.113998,-13.982877
40.060677,-28.608614
77.64811,10.829584
58.049473,28.878452
85.58793,-0.85213405
25.28493,0.35604587
66.40165,10.578783
28.059702,-0.6697774
37.18222,-11.489351
12.48418,-51.63574
72.89289,4.849293
40.109756,2.121393
7.329162,7.8195963
87.174194,0.5603639
78.061,26.341646
46.86865,52.304073
37.093433,35.020267
24.760187,32.714947
57.18899,-18.696047
41.579483,23.306458
24.770018,-32.75794
28.866844,40.50241
20.470984,-53.702793
6.9634604,61.763554
86.930954,8.811354
78.50082,-14.547321
10.247826,-44.80117
72.47889,-13.699343
37.867607,29.661371
16.591537,26.026701
73.12079,7.8672357
14.558593,-46.445812
59.36047,23.103317
8.4461975,10.67627
27.292019,-7.227909
25.26767,1.8947369
9.369984,-21.174145
10.120308,-48.304146
51.206017,47.858547
33.56109,13.314727
29.363705,-3.1799622
78.47132,-14.1750345
6.684394,28.307037
16.086943,-44.623917
33.111633,9.810067
38.789093,-29.787916
8.5786915,49.348053
29.020092,44.65291
15.830532,-48.143875
1.8401159,-37.63779
13.991182,-1.8110569
75.722145,9.2093935
78.21866,-5.6127195
13.99849,59.972343
1.6034501,-44.099277
49.604717,2.8926845
23.339497,-54.0266
76.57147,1.0377039
24.621597,32.590694
43.565685,22.026272
63.097054,1.8770999
83.20845,9.880348
47.46939,49.16554
32.62219,42.560463
25.675499,24.412497
88.20632,9.490979
5.916615,-37.4578
38.225613,8.338319
11.789212,-6.9533496
32.340744,12.33916
8.036669,67.577255
56.35218,18.814737
7.967091,36.79777
22.3284,-14.152427
31.35449,-11.60311
9.965785,2.4494863
45.556553,48.544945
21.246475,13.254372
33.242638,25.570036
4.9517193,-35.265568
24.796783,6.53582
50.67619,53.509083
69.31193,-7.4746785
50.81666,1.2322826
16.269976,20.441113
33.510548,37.635426
24.289734,-23.152084
23.313862,32.6983
47.834873,50.448845
51.09061,46.81256
79.71886,-14.309084
33.633846,-42.00909
40.129906,10.223275
9.240068,-2.157366
49.418217,24.402382
31.782824,-51.70893
48.97441,-7.0228977
17.293291,-50.230568
33.789883,-44.791096
9.985668,-49.891876
45.616997,45.934376
11.661876,-46.422356
26.436037,-41.57267
67.87911,0.36738065
73.19208,-14.889582
5.577666,-3.4194808
84.189,-0.30069998
17.606089,-43.156384
64.338264,-23.565783
26.640537,-12.399395
11.992718,-50.997845
64.06693,22.020395
14.669542,-6.2803035
23.640867,14.832226
30.89107,-55.151554
42.636368,10.228908
50.442894,47.676094
50.598225,13.488609
68.85019,-2.40466
85.157455,3.296997
57.013138,19.839556
1.3166609,-30.398216
38.902744,28.18344
62.625237,22.257315
16.281317,58.161297
38.835136,35.605316
55.19009,-17.581123
44.554394,18.3227
32.639355,-26.75256
74.25863,-17.493378
37.93675,-17.55305
77.44286,-2.2654195
40.562733,-7.7869754
64.38478,21.327618
4.0194855,61.522964
9.624819,62.69335
78.14579,-1.6067127
6.9477897,-0.535622
73.81336,-2.341976
49.32285,-15.144602
3.3968532,-37.711315
58.880577,-24.662878
32.783863,28.592611
60.68649,-20.046207
87.774055,-6.383588
12.071413,54.550373
90.907074,10.923674
6.231227,52.496147
4.4946213,57.993885
79.340866,0.6173494
32.622093,37.754253
7.0061493,66.24162
22.28218,-37.847713
25.47783,-37.5125
25.583702,-38.526245
53.718094,11.451846
17.634165,14.434399
81.61991,-4.695325
16.09134,-18.143812
90.29131,7.6165237
21.64613,-57.031647
47.016514,20.478378
69.85874,0.4723845
25.62472,25.475237
44.309406,31.279285
13.348845,-46.1974
53.462452,27.10505
51.19453,-1.4022136
10.65138,-6.3444653
76.99985,-18.711578
27.831562,18.756107
58.38329,1.0231357
45.118652,11.9881935
13.365035,-45.784138
37.487804,-42.87215
50.45134,40.904396
71.73757,-18.16025
18.749258,-10.849483
46.93078,15.409258
21.807402,9.153405
77.33706,-14.002665
59.257423,19.517523
8.826795,6.502692
84.86022,1.982325
12.950926,35.84783
25.12557,8.764709
18.425938,-6.892526
32.95296,40.046505
70.132744,-1.1078098
62.427216,21.087297
27.327845,8.244832
19.69863,-46.949886
44.826008,-18.081846
36.250553,-20.693771
15.085856,-37.857433
74.650795,-18.395205
54.52261,13.874397
73.73577,11.08929
13.087476,-3.0242803
26.540176,9.40182
25.888586,-32.424644
46.807507,21.05787
57.407757,-24.930334
4.7563586,-4.273774
59.408234,-19.378729
25.086542,35.51649
8.401415,67.72754
10.424972,49.28249
30.41336,-42.024136
6.2830925,-3.830093
53.60203,17.482578
31.95473,-44.004665
64.89387,22.315851
10.979026,57.44545
11.764573,-45.131607
40.61155,-8.8590765
35.775578,7.5386963
19.123184,-12.162965
57.052074,-16.526514
21.7091,-55.38607
86.43413,-3.8363466
58.95946,0.6824592
86.41599,-6.347893
38.143986,-45.26218
20.148565,26.182825
5.9630175,-6.928141
18.610918,-33.606182
56.45025,0.40246454
8.609908,62.44667
12.256002,-1.0392146
54.993107,26.694653
39.691612,-6.8441167
19.28261,-6.084646
39.927757,19.863586
70.84119,4.4902864
5.1617403,40.270283
44.888805,27.686075
3.023057,47.128647
21.274706,-35.923607
10.803432,-41.633236
12.114071,33.622005
15.521894,-4.7147527
86.13874,7.2826147
-2.3980157,-32.12478
60.31782,-30.258177
48.475464,13.559527
-18.212034,26.547916
66.693474,11.966663
16.136993,-1.2931662
18.193323,58.209625
76.47031,-1.1073673
72.18192,16.236378
5.0138764,-21.665854
62.926086,23.707222
77.57085,-5.8784423
8.250914,44.668846
37.94077,-26.52832
83.29578,-4.194215
12.703682,-2.9444935
53.45113,21.379005
35.098335,-38.40766
34.87102,-30.911062
21.934786,-25.188313
25.615328,35.32196
6.5146184,67.60548
25.500654,-38.41345
58.19629,18.135662
39.5642,9.33161
46.319393,52.186188
87.283615,1.1352941
49.29041,52.19391
11.497451,-50.843826
35.5561,23.826214
19.972816,-3.2895675
9.091702,61.346043
12.656348,53.096775
34.14731,30.491861
21.815546,9.529251
54.258663,19.35328
25.875303,-46.38704
11.628188,64.85491
34.904163,-3.8363676
75.455536,6.8231435
17.901962,-9.528085
38.34787,14.887514
24.668528,14.768574
41.403088,16.289669
11.9567995,-44.325832
25.774841,24.698465
49.60429,-14.99462
77.84406,-19.45695
34.834564,0.65343714
72.97011,-17.87186
11.926537,57.059494
43.077038,3.161031
3.2666674,-34.822964
69.99095,1.4323816
79.42686,5.606562
37.60526,-29.869652
15.498136,-42.876015
83.6582,-5.0004106
5.3274837,44.441696
11.530732,-48.550835
50.815212,-28.846582
31.326967,35.38618
7.5474305,37.25664
36.44247,-15.49325
69.67553,13.433121
76.76295,23.41935
50.932938,12.319545
41.65184,-29.708023
78.2944,2.7459478
54.058556,20.18715
24.164234,-6.0721016
41.987053,-1.8768748
33.80443,6.328904
31.211527,13.598735
20.818008,-11.6509075
5.481023,56.15721
14.550953,3.5325754
51.21994,-19.629719
48.633953,-26.175331
48.22162,49.83769
4.4938917,-34.21286
42.71147,-30.983973
31.431276,-17.001589
49.95013,49.415234
75.438095,6.7000303
12.27108,-52.70145
56.532776,-18.920782
47.461624,10.359262
34.24693,-45.08485
6.5574226,2.0902665
29.20457,46.00376
38.015686,-45.212616
41.75661,1.1493925
17.756872,-30.86281
35.787907,-45.574585
30.896088,41.526604
56.845528,18.081886
31.887146,42.318882
41.37786,-10.031975
40.549706,9.072116
86.73112,2.4126222
86.1019,-4.13477
19.359133,4.8847585
26.799957,-29.841423
36.011086,17.756763
7.3788466,47.15414
19.544558,59.93528
59.57561,10.723532
61.30332,-29.87363
3.4256995,49.35839
29.249264,-21.752878
1.957614,-34.856533
1.7900388,-34.455288
30.2948,-41.960724
40.150036,8.490973
12.327834,-8.682934
49.916367,-25.797483
16.157948,26.344986
-13.283086,30.362494
45.126003,50.934303
42.54442,-8.649894
42.791565,17.244238
9.997752,-10.548583
50.781662,51.84872
18.47878,4.925979
36.03844,-18.14482
28.404572,46.81393
50.10735,10.567146
35.274147,-27.29557
56.587376,-5.7391195
38.469284,16.089378
51.088642,4.1217947
78.32618,5.151249
3.8601816,-35.28803
32.888336,-0.45192522
65.41328,19.040884
43.00635,1.622229
23.357069,-25.126186
45.891098,13.240866
36.217293,-32.01152
51.864723,-15.280853
60.784153,-17.680996
60.624077,22.703104
61.69864,19.785265
8.287827,36.264015
22.656605,-45.616226
10.374091,0.31827375
51.42246,16.992014
53.940117,-6.693846
73.90275,24.547987
24.308273,-1.9543858
46.546776,43.659706
13.0698,39.92332
14.205597,36.37405
36.471977,-26.008665
53.329895,-15.531276
37.128376,-42.553753
77.05864,-16.454866
37.636795,-40.288162
35.10648,-44.5672
52.50703,-15.545404
13.610205,-53.070652
25.703146,24.517914
40.52529,4.367258
35.05981,-9.840953
32.65605,-43.867996
43.91704,8.752452
45.521545,48.05323
30.75047,23.585535
20.106373,-4.373155
49.22616,51.564014
70.312386,10.4255495
86.03695,-6.5424857
42.861538,32.076332
11.180213,63.419964
42.292355,-5.0475335
67.74957,0.45375472
45.092453,6.446515
38.27488,-15.059875
24.547838,-22.186655
45.33423,48.024353
52.47673,2.498808
47.217953,52.134727
14.309576,-45.001373
9.003102,66.51565
71.88649,5.5964427
32.354393,-20.451574
71.96945,0.99813485
27.89111,-8.291559
38.235996,-44.056168
17.51942,-33.151127
17.563835,-19.941504
65.39506,11.233703
37.72152,-43.80975
80.18397,-5.008178
78.73353,1.6202985
16.427784,38.798862
9.017707,53.551437
17.1684,56.387096
49.04946,13.395782
75.80225,-17.10399
8.173343,63.786083
68.427345,19.842936
19.131636,-32.27209
27.244598,-43.878468
21.127651,-12.433254
35.71833,18.60539
24.863972,-6.4816957
20.674944,-9.36211
30.168238,-14.573597
77.03326,-15.086961
85.08277,3.5332472
40.994633,-10.160183
38.902107,-46.760544
42.58913,32.053604
35.547604,-38.25318
51.49413,-2.3634439
35.61726,23.907639
80.395485,-0.93413013
33.233887,11.746496
3.4701617,55.03586
13.917471,-22.598911
48.340622,0.73327184
29.191605,-7.0664725
32.551796,-15.693356
7.0105634,42.627983
9.24961,-41.243816
37.645523,19.30252
22.495916,-11.153523
43.394238,-12.629015
53.37024,0.1631465
37.13369,-30.7811
28.893955,-45.513824
23.057663,-30.512577
52.278694,18.51601
13.954396,-32.421272
76.58154,25.324442
50.763985,52.869427
74.89617,24.832613
62.822437,19.820421
78.62515,-11.477584
10.317693,68.04098
67.22628,13.819777
72.24484,2.4679544
40.512104,-1.8911536
71.51274,-17.427263
54.496506,-13.622635
77.67688,6.6597714
60.792446,-22.70775
87.16101,7.242945
38.07677,-29.948734
62.391533,-23.46291
21.800755,-42.870842
33.236725,-44.029522
58.592808,28.731802
15.1970215,-45.480892
16.151615,56.890545
28.807642,-53.900555
38.210938,-17.462488
53.43724,27.292534
11.3761835,-38.15437
60.63948,-17.459929
40.323322,28.50159
31.125166,39.420994
19.87962,-43.73236
53.170757,-24.120785
35.93903,5.1169553
30.745844,-15.749899
73.16224,-11.693383
34.164562,-25.505585
20.479977,-38.395294
6.4546304,-49.61718
47.87978,47.384
21.032667,-6.6595755
35.318043,-21.745464
3.0250661,57.14004
53.149147,50.413067
60.55325,-15.469739
33.441517,-47.658806
72.284454,18.622868
32.03892,40.988075
43.662716,31.981232
6.933868,-2.8653307
41.216335,-13.2347145
5.4691052,67.10634
15.120581,54.37072
68.82286,10.909113
4.8637094,49.089596
10.953432,-7.776209
25.117315,13.228856
61.000916,-15.890254
25.959045,-23.221518
44.31567,20.69015
25.779257,-52.32623
6.7065573,66.266785
40.368164,-14.756581
62.752842,-23.022736
4.650899,55.33265
67.590775,5.1665244
7.6514187,37.07615
66.718834,17.817541
77.39564,7.4870105
19.659071,-11.977965
22.854877,-4.567001
11.351969,-3.1876373
67.639656,0.6341079
63.208405,23.910906
86.79524,2.4883866
11.013658,-50.62105
1.4818248,-42.12272
49.190098,51.471096
8.568588,18.337584
43.99035,20.494177
14.776148,57.157482
1.1002125,44.671104
15.356211,-49.86443
12.746986,-9.00992
25.968582,-12.666169
74.436905,-13.653594
38.446148,-33.093163
40.122585,9.585099
46.93606,43.032555
12.729906,-51.192787
50.221798,3.7641869
50.71486,44.376194
12.457544,-17.537378
52.5144,47.160656
63.586395,21.060678
40.260357,-10.596682
26.366606,-59.27459
71.59143,-20.650759
61.546932,-24.004742
41.498894,-27.40443
33.557774,-4.021905
58.15487,-6.9385247
33.37225,-12.057127
34.211082,-30.647919
34.824642,10.981442
89.1166,8.771914
44.805496,17.40948
20.829023,26.857973
83.324875,0.80124205
80.4424,-5.0303693
53.21821,-0.75697535
38.10016,22.606615
5.145188,-39.289692
21.328646,-55.07602
78.09445,1.5945365
29.93434,-36.367237
40.75603,-28.170921
78.1245,4.9951096
47.691223,10.684975
13.412958,-16.803312
18.803595,4.294454
48.797062,45.329956
24.584389,-55.505013
8.522918,23.409956
7.9088807,56.80178
9.522913,49.382713
55.542553,-22.967794
46.097786,5.4100595
34.28101,-44.47241
76.758865,-4.1623855
50.87389,-19.425613
23.843788,-37.560314
22.849348,1.4185026
4.1829762,-32.279736
30.479485,8.380457
21.750881,-21.115768
47.080494,51.5916
17.568813,-9.131023
54.905384,28.274782
5.9661255,4.7797008
-7.2375784,-45.558163
50.980736,1.821649
70.581154,5.3138556
54.54395,-20.57621
37.89274,4.4315605
12.449494,-6.7757893
23.053854,34.71104
58.499325,0.7791773
18.72149,-13.339285
5.3279247,-35.841125
50.67124,-27.194756
7.776357,57.580227
49.47129,46.378407
12.311683,-8.43679
67.83583,9.152702
8.256734,65.21488
57.668064,-25.406012
36.138775,-25.12019
10.351513,-46.011223
77.558975,21.589958
36.105637,28.139805
77.342545,24.336208
76.88795,-17.498291
58.31972,-15.91275
60.136433,22.059502
61.835712,-17.5796
74.77286,-21.214453
31.652935,35.14181
28.569078,3.1991997
17.730753,-49.976044
26.785574,26.119843
38.820076,33.269535
15.120231,13.053917
34.66614,19.451511
44.765274,27.059395
74.08679,-16.40999
26.164246,-43.216072
17.613724,-34.298313
52.022003,46.25144
20.662271,-57.156265
20.051908,13.864516
13.614393,-23.180704
86.894585,2.2282481
22.092878,18.498798
6.5480447,67.42957
54.46041,28.975615
6.1204095,9.831369
11.521,2.7163334
61.130367,19.316038
5.6131325,-6.1159277
9.907595,32.620007
81.58457,5.856531
18.773325,-51.96668
77.62161,17.292423
13.052343,54.412315
38.19434,-24.447014
39.84966,-25.92229
35.770866,-17.56208
71.906494,-15.381564
37.65509,14.146777
81.41958,-0.82421917
26.507269,-21.702877
44.936707,16.817087
32.57743,34.512047
50.596256,-17.44928
31.259342,-23.203318
16.904808,59.59726
9.976126,7.8937154
57.75079,-25.286133
24.270119,-3.1321566
45.604767,22.473156
31.830118,1.008227
5.488388,60.283855
13.009832,53.084225
7.135906,37.70631
54.111588,13.334594
83.61554,8.325748
62.997627,-23.402615
18.156593,-10.882126
14.841388,-41.382565
79.17254,5.5105066
32.10623,-50.60452
29.299496,44.582466
51.14253,6.6043973
14.38887,-55.0056
24.30228,-57.959538
36.0691,-27.758783
20.906427,-6.2747564
41.73696,-9.691696
39.623665,5.969143
47.4595,14.747751
11.95009,67.96988
61.435852,17.875347
8.058481,65.88052
15.219487,30.892586
10.798077,57.443188
8.483365,64.65854
75.21051,-8.220495
58.862488,-14.133966
84.010796,3.362106
6.076783,8.805415
4.5240154,8.2966585
14.041412,-53.669403
76.99844,23.951096
45.11009,-3.7307706
74.985306,6.095245
13.998512,31.058573
74.1727,-17.597443
63.42714,22.185287
88.44715,10.193022
21.272913,-58.871403
3.5114894,53.681427
76.37996,-3.4669728
49.91798,-16.468388
45.834194,19.220844
83.35031,-5.6833816
4.453862,50.2063
28.902266,38.42791
22.935871,-12.188098
1.3232033,49.177185
45.03027,49.729767
25.599628,-13.27597
17.049498,20.594032
35.855648,18.452707
56.866848,44.487617
4.7344046,-37.954792
47.644287,-21.158777
79.87226,-10.566026
7.352045,-0.70554996
17.189066,-39.07242
48.169556,-19.388733
52.27174,-2.8734906
27.586306,4.0448003
21.682316,-2.1880133
40.586582,13.973895
83.419014,3.3788736
62.65173,25.525358
42.380184,-12.660709
46.84472,49.02215
19.853355,-51.958763
23.592817,-13.912647
5.875085,55.36666
40.84251,6.2971964
80.98516,8.731036
33.092148,-4.302354
18.288073,24.648151
18.481148,-18.586823
12.11597,23.816866
79.42714,6.4391336
36.5419,-42.072258
59.70035,20.894115
21.859312,-40.149582
9.091801,-5.3863487
18.179186,-13.068156
12.3980875,36.24519
3.5603328,56.853138
74.71818,-6.839656
7.6769247,9.878868
68.28275,20.531647
86.62636,8.583616
33.632465,13.3362
80.319756,-20.671314
20.58888,-14.65284
17.57135,-24.311321
-10.737873,-38.837444
15.699083,-48.345234
18.02843,-32.414524
20.897867,-55.468914
28.944584,-7.746599
12.869195,62.00891
59.88222,-15.574145
27.27471,14.501813
42.82794,31.460514
53.08098,-14.750823
34.95468,29.379023
16.99134,57.85149
3.7738829,48.432606
8.65174,-25.134893
47.065556,12.167923
20.99114,12.850175
36.66254,-32.0344
66.05757,19.253428
44.627018,22.53734
36.12994,36.295868
37.90134,4.2537494
18.675482,-11.365065
62.51458,-15.004587
51.906807,44.735363
80.485886,2.0423095
20.235865,-15.202593
10.1357565,53.638622
46.41769,14.332169
54.823517,-2.130237
5.4784203,9.13536
31.31486,-1.2764821
60.23038,-30.278738
50.509583,45.029
34.972458,27.490545
4.6326876,-4.373159
18.719479,-36.202385
29.012548,2.6619754
14.3558655,60.477444
21.008034,26.87276
48.897835,42.881336
42.51535,1.4593147
37.223576,7.44399
30.591002,-33.485344
48.72096,-15.648423
55.98468,-0.35219568
44.622063,28.34286
69.233665,3.6096377
14.082877,-40.23931
3.5464234,-2.975419
24.813993,17.68015
60.959343,-17.917301
86.123085,-6.543656
1.2073983,-32.87056
28.606642,-21.015697
74.94057,-15.423264
26.989199,-58.92632
19.78694,15.276424
18.146107,-18.783459
11.664644,50.652706
31.484632,41.072506
54.98631,28.21203
18.72912,27.316591
10.578045,30.958157
3.1897361,-0.085143946
28.718218,45.81482
70.92404,-10.005454
36.390545,-41.614452
2.4513154,-1.8155414
10.241092,-38.61722
77.45297,-16.528109
6.310202,-41.88842
26.218128,-28.293427
51.029892,44.075695
82.13758,1.434626
36.068726,0.41890717
41.87495,28.179848
52.51563,-25.55301
14.912623,-1.5672297
14.99065,-25.32074
64.89756,22.848019
48.555992,9.884997
50.690517,0.8762597
62.27608,-19.048386
19.045721,10.340312
31.79688,34.808544
75.68019,24.43472
29.151327,14.359505
33.946598,9.761881
7.188517,53.69349
19.181368,-36.50513
39.743565,-15.423565
21.948889,-57.055832
34.129196,31.981134
19.06694,-8.170582
4.824369,-2.0160077
26.064238,-31.531832
59.76456,20.906462
45.591557,45.321354
27.659494,-55.83057
28.118628,26.19604
17.621386,19.324078
51.421124,-21.603937
50.954304,50.525322
27.547249,-23.07504
53.820766,51.455498
60.083733,-20.335825
12.056834,2.5036027
34.916584,-46.41608
77.116196,-10.423846
48.49571,-18.146545
40.989525,-30.211683
85.00305,2.111879
18.731836,-6.410045
16.205648,-52.952667
49.57894,-12.340239
39.20325,14.956777
35.01874,26.01766
32.57591,-21.895693
48.191086,-26.664894
7.180102,8.166627
29.300747,-2.9525447
25.914635,29.87246
38.28965,-46.248466
83.39535,-3.7415395
18.704508,-42.838787
39.86891,-10.26865
18.206238,58.476864
18.861101,-0.5885658
75.081116,-3.2048638
9.950833,-0.5983387
22.623821,-13.190667
25.172043,-0.70589805
27.570518,-13.121121
37.80118,-28.13945
31.212244,-44.214687
47.516148,6.7108006
21.477665,22.116388
0.49952465,-36.783775
84.16002,2.1587799
34.412357,-19.20477
60.511555,-17.329771
19.682758,-16.070168
43.417103,32.12274
78.87321,3.9327602
61.651604,-28.383837
27.386906,-0.72360504
49.50823,-17.899889
30.867897,-20.533344
36.163338,28.782267
39.183773,10.862136
5.4642434,4.4929247
49.150784,6.974019
47.209415,-23.589586
66.42016,7.566341
25.824343,14.576711
16.354952,63.956776
56.164227,9.215249
14.067683,33.411747
14.781899,65.32083
2.6232264,47.749092
51.247448,-31.312973
4.732171,63.446007
58.31979,0.91020757
24.5557,-53.731365
30.590446,2.6328433
9.231092,31.746233
31.406422,35.028072
76.46515,25.410028
18.2939,-29.905766
8.968302,62.406525
77.78894,-0.19812156
36.983135,-30.643635
19.84612,-17.924894
52.666405,13.180114
26.643143,-60.276268
8.698857,46.80578
59.848614,21.758652
47.73725,52.543888
72.58961,5.0955124
63.13146,18.47693
26.235493,-40.74302
66.98907,19.756475
40.187912,-46.16231
89.38235,7.2073827
77.21462,-4.334273
40.251442,20.258055
65.05294,20.57046
27.331968,-0.6501758
27.9265,-39.495586
33.9209,23.127703
84.661316,2.94295
25.999374,-58.40416
37.073463,-19.046148
22.09373,-43.311306
18.589855,-57.47273
52.48936,5.406514
16.953537,61.163334
49.269672,41.7207
18.11111,16.84831
33.964565,9.606228
45.931816,1.8495736
77.455185,-15.30607
13.110402,53.564564
6.172155,-7.2394204
24.288387,2.2346768
25.966253,-13.876853
33.504913,-10.233657
79.466446,8.855822
60.792053,-19.612892
44.06729,3.5807748
39.339428,-28.41822
16.078312,38.602886
6.2493815,10.73488
53.942104,42.833866
24.78782,-19.233599
51.005783,-16.9053
74.61637,24.687054
7.0336084,9.710578
13.41856,2.4831607
10.348163,31.115286
44.69432,-2.869879
73.86329,12.202231
17.862452,57.536514
62.532593,-25.849405
8.206899,53.553482
63.730255,-18.333172
66.701996,10.40046
58.158638,0.9666323
23.884823,10.430198
82.0961,7.1397123
3.9049728,-39.866367
24.096975,-40.186882
28.06182,-12.879392
47.91204,52.705883
26.453026,-26.055248
37.12184,34.01107
40.555992,10.093435
51.3439,-1.5664434
7.074561,-42.122704
24.050598,-54.85473
24.783407,34.777172
59.08328,-30.252672
7.84897,58.624596
54.81812,-13.443722
33.97204,35.44102
14.534337,55.263466
34.15734,-42.604763
24.254835,-26.10621
7.8139396,-5.292344
50.34753,-21.137833
19.860323,-43.046524
41.408134,-29.94177
75.658165,23.4602
50.271454,50.39186
29.985992,-27.330145
73.01666,7.892718
22.713564,-25.142376
7.3472223,-1.6519805
25.426153,-35.51644
60.300385,28.585335
13.380944,-40.76058
